timestamp,load_mw,feeder
2025-01-01 00:00:00,95.89,A
2025-01-01 00:00:00,102.82,B
2025-01-01 00:00:00,93.56,C
2025-01-01 00:00:00,109.7,D
2025-01-01 01:00:00,87.21,A
2025-01-01 01:00:00,94.25,B
2025-01-01 01:00:00,85.27,C
2025-01-01 01:00:00,94.7,D
2025-01-01 02:00:00,72.87,A
2025-01-01 02:00:00,86.06,B
2025-01-01 02:00:00,74.64,C
2025-01-01 02:00:00,92.72,D
2025-01-01 03:00:00,71.57,A
2025-01-01 03:00:00,82.91,B
2025-01-01 03:00:00,64.23,C
2025-01-01 03:00:00,81.29,D
2025-01-01 04:00:00,64.52,A
2025-01-01 04:00:00,80.01,B
2025-01-01 04:00:00,53.16,C
2025-01-01 04:00:00,67.48,D
2025-01-01 05:00:00,57.43,A
2025-01-01 05:00:00,65.72,B
2025-01-01 05:00:00,47.51,C
2025-01-01 05:00:00,62.4,D
2025-01-01 06:00:00,43.26,A
2025-01-01 06:00:00,60.21,B
2025-01-01 06:00:00,55.76,D
2025-01-01 07:00:00,46.44,A
2025-01-01 07:00:00,56.32,B
2025-01-01 07:00:00,45.43,C
2025-01-01 07:00:00,56.82,D
2025-01-01 08:00:00,47.35,A
2025-01-01 08:00:00,43.85,C
2025-01-01 08:00:00,52.93,D
2025-01-01 09:00:00,49.81,A
2025-01-01 09:00:00,67.2,B
2025-01-01 09:00:00,46.02,C
2025-01-01 09:00:00,63.84,D
2025-01-01 10:00:00,54.46,A
2025-01-01 10:00:00,70.9,B
2025-01-01 10:00:00,68.02,C
2025-01-01 10:00:00,65.32,D
2025-01-01 11:00:00,76.97,A
2025-01-01 11:00:00,83.46,B
2025-01-01 11:00:00,61.79,C
2025-01-01 11:00:00,79.21,D
2025-01-01 12:00:00,73.64,A
2025-01-01 12:00:00,99.71,B
2025-01-01 12:00:00,64.3,C
2025-01-01 12:00:00,80.57,D
2025-01-01 13:00:00,79.73,A
2025-01-01 13:00:00,98.0,B
2025-01-01 13:00:00,85.5,C
2025-01-01 13:00:00,87.04,D
2025-01-01 14:00:00,94.6,A
2025-01-01 14:00:00,110.43,B
2025-01-01 14:00:00,104.16,C
2025-01-01 14:00:00,115.32,D
2025-01-01 15:00:00,97.24,A
2025-01-01 15:00:00,116.93,B
2025-01-01 15:00:00,86.95,C
2025-01-01 15:00:00,103.7,D
2025-01-01 16:00:00,112.36,A
2025-01-01 16:00:00,122.49,B
2025-01-01 16:00:00,103.95,C
2025-01-01 16:00:00,111.5,D
2025-01-01 17:00:00,114.73,A
2025-01-01 17:00:00,142.87,B
2025-01-01 17:00:00,119.75,C
2025-01-01 17:00:00,127.63,D
2025-01-01 18:00:00,117.05,A
2025-01-01 18:00:00,133.19,B
2025-01-01 18:00:00,112.3,C
2025-01-01 18:00:00,129.72,D
2025-01-01 19:00:00,119.63,A
2025-01-01 19:00:00,128.68,B
2025-01-01 19:00:00,112.99,C
2025-01-01 19:00:00,137.8,D
2025-01-01 20:00:00,123.5,A
2025-01-01 20:00:00,132.66,B
2025-01-01 20:00:00,120.83,C
2025-01-01 20:00:00,133.31,D
2025-01-01 21:00:00,111.28,A
2025-01-01 21:00:00,132.18,B
2025-01-01 21:00:00,117.24,C
2025-01-01 21:00:00,128.96,D
2025-01-01 22:00:00,129.63,B
2025-01-01 22:00:00,111.16,C
2025-01-01 22:00:00,121.15,D
2025-01-01 23:00:00,103.71,A
2025-01-01 23:00:00,122.57,B
2025-01-01 23:00:00,97.57,C
2025-01-01 23:00:00,120.47,D
2025-01-02 00:00:00,84.45,A
2025-01-02 00:00:00,104.29,B
2025-01-02 00:00:00,91.69,C
2025-01-02 00:00:00,107.2,D
2025-01-02 01:00:00,83.92,A
2025-01-02 01:00:00,101.18,B
2025-01-02 01:00:00,84.92,C
2025-01-02 01:00:00,92.63,D
2025-01-02 02:00:00,82.47,A
2025-01-02 02:00:00,98.9,B
2025-01-02 02:00:00,70.52,C
2025-01-02 02:00:00,94.06,D
2025-01-02 03:00:00,66.71,A
2025-01-02 03:00:00,71.51,B
2025-01-02 03:00:00,68.07,C
2025-01-02 03:00:00,73.87,D
2025-01-02 04:00:00,66.94,A
2025-01-02 04:00:00,77.55,B
2025-01-02 04:00:00,54.46,C
2025-01-02 04:00:00,72.34,D
2025-01-02 05:00:00,47.98,A
2025-01-02 05:00:00,66.93,B
2025-01-02 05:00:00,47.93,C
2025-01-02 05:00:00,76.31,D
2025-01-02 06:00:00,52.53,A
2025-01-02 06:00:00,74.79,B
2025-01-02 06:00:00,46.74,C
2025-01-02 06:00:00,64.67,D
2025-01-02 07:00:00,39.01,A
2025-01-02 07:00:00,62.98,B
2025-01-02 07:00:00,33.05,C
2025-01-02 07:00:00,51.03,D
2025-01-02 08:00:00,51.79,A
2025-01-02 08:00:00,65.67,B
2025-01-02 08:00:00,50.93,C
2025-01-02 08:00:00,63.26,D
2025-01-02 09:00:00,79.07,B
2025-01-02 09:00:00,47.52,C
2025-01-02 09:00:00,59.04,D
2025-01-02 10:00:00,58.73,A
2025-01-02 10:00:00,74.29,B
2025-01-02 10:00:00,56.47,C
2025-01-02 10:00:00,64.2,D
2025-01-02 11:00:00,67.07,A
2025-01-02 11:00:00,84.5,B
2025-01-02 11:00:00,62.8,C
2025-01-02 11:00:00,72.9,D
2025-01-02 12:00:00,83.96,A
2025-01-02 12:00:00,98.43,B
2025-01-02 12:00:00,69.42,C
2025-01-02 12:00:00,88.12,D
2025-01-02 13:00:00,95.92,A
2025-01-02 13:00:00,90.09,B
2025-01-02 13:00:00,72.31,C
2025-01-02 13:00:00,92.46,D
2025-01-02 14:00:00,83.94,A
2025-01-02 14:00:00,112.28,B
2025-01-02 14:00:00,82.85,C
2025-01-02 14:00:00,105.47,D
2025-01-02 15:00:00,105.32,A
2025-01-02 15:00:00,114.3,B
2025-01-02 15:00:00,95.03,C
2025-01-02 15:00:00,120.67,D
2025-01-02 16:00:00,100.78,A
2025-01-02 16:00:00,128.94,B
2025-01-02 16:00:00,117.06,C
2025-01-02 16:00:00,120.78,D
2025-01-02 17:00:00,110.09,A
2025-01-02 17:00:00,131.37,B
2025-01-02 17:00:00,117.58,C
2025-01-02 17:00:00,123.37,D
2025-01-02 18:00:00,114.52,A
2025-01-02 18:00:00,125.9,B
2025-01-02 18:00:00,118.82,C
2025-01-02 18:00:00,130.9,D
2025-01-02 19:00:00,117.24,A
2025-01-02 19:00:00,132.45,B
2025-01-02 19:00:00,116.88,C
2025-01-02 19:00:00,128.52,D
2025-01-02 20:00:00,125.1,A
2025-01-02 20:00:00,127.95,B
2025-01-02 20:00:00,108.34,C
2025-01-02 20:00:00,132.16,D
2025-01-02 21:00:00,114.73,A
2025-01-02 21:00:00,137.08,B
2025-01-02 21:00:00,96.62,C
2025-01-02 21:00:00,116.33,D
2025-01-02 22:00:00,114.41,A
2025-01-02 22:00:00,129.59,B
2025-01-02 22:00:00,95.03,C
2025-01-02 22:00:00,106.26,D
2025-01-02 23:00:00,96.41,A
2025-01-02 23:00:00,129.79,B
2025-01-02 23:00:00,108.21,C
2025-01-02 23:00:00,119.31,D
2025-01-03 00:00:00,86.37,A
2025-01-03 00:00:00,119.14,B
2025-01-03 00:00:00,99.42,C
2025-01-03 00:00:00,112.2,D
2025-01-03 01:00:00,85.06,A
2025-01-03 01:00:00,101.48,B
2025-01-03 01:00:00,80.25,C
2025-01-03 01:00:00,93.77,D
2025-01-03 02:00:00,70.86,A
2025-01-03 02:00:00,84.43,B
2025-01-03 02:00:00,73.0,C
2025-01-03 02:00:00,88.21,D
2025-01-03 03:00:00,65.08,A
2025-01-03 03:00:00,83.95,B
2025-01-03 03:00:00,64.13,C
2025-01-03 03:00:00,70.65,D
2025-01-03 04:00:00,53.47,A
2025-01-03 04:00:00,72.96,B
2025-01-03 04:00:00,50.72,C
2025-01-03 04:00:00,64.87,D
2025-01-03 05:00:00,50.43,A
2025-01-03 05:00:00,75.49,B
2025-01-03 05:00:00,47.51,C
2025-01-03 05:00:00,61.74,D
2025-01-03 06:00:00,47.02,A
2025-01-03 06:00:00,71.17,B
2025-01-03 06:00:00,38.13,C
2025-01-03 06:00:00,58.74,D
2025-01-03 07:00:00,51.34,A
2025-01-03 07:00:00,70.67,B
2025-01-03 07:00:00,38.32,C
2025-01-03 07:00:00,52.96,D
2025-01-03 08:00:00,47.12,A
2025-01-03 08:00:00,61.01,B
2025-01-03 08:00:00,49.05,C
2025-01-03 08:00:00,51.97,D
2025-01-03 09:00:00,58.01,A
2025-01-03 09:00:00,65.94,B
2025-01-03 09:00:00,55.6,C
2025-01-03 09:00:00,71.62,D
2025-01-03 10:00:00,58.85,A
2025-01-03 10:00:00,75.69,B
2025-01-03 10:00:00,55.28,C
2025-01-03 10:00:00,72.93,D
2025-01-03 11:00:00,69.22,A
2025-01-03 11:00:00,80.35,B
2025-01-03 11:00:00,64.5,C
2025-01-03 11:00:00,59.9,D
2025-01-03 12:00:00,85.63,A
2025-01-03 12:00:00,91.72,B
2025-01-03 12:00:00,64.92,C
2025-01-03 12:00:00,85.27,D
2025-01-03 13:00:00,91.62,A
2025-01-03 13:00:00,97.51,B
2025-01-03 13:00:00,71.49,C
2025-01-03 13:00:00,97.65,D
2025-01-03 14:00:00,104.81,A
2025-01-03 14:00:00,116.94,B
2025-01-03 14:00:00,88.39,C
2025-01-03 14:00:00,106.16,D
2025-01-03 15:00:00,107.03,A
2025-01-03 15:00:00,119.76,B
2025-01-03 15:00:00,90.08,C
2025-01-03 15:00:00,121.14,D
2025-01-03 16:00:00,97.09,A
2025-01-03 16:00:00,122.55,B
2025-01-03 16:00:00,91.66,C
2025-01-03 16:00:00,119.95,D
2025-01-03 17:00:00,109.57,A
2025-01-03 17:00:00,136.14,B
2025-01-03 17:00:00,114.49,C
2025-01-03 17:00:00,125.91,D
2025-01-03 18:00:00,119.69,A
2025-01-03 18:00:00,136.26,B
2025-01-03 18:00:00,114.51,C
2025-01-03 18:00:00,131.46,D
2025-01-03 19:00:00,118.61,A
2025-01-03 19:00:00,125.43,B
2025-01-03 19:00:00,109.51,C
2025-01-03 19:00:00,131.35,D
2025-01-03 20:00:00,122.72,A
2025-01-03 20:00:00,132.14,B
2025-01-03 20:00:00,110.22,C
2025-01-03 20:00:00,128.85,D
2025-01-03 21:00:00,108.72,A
2025-01-03 21:00:00,134.5,B
2025-01-03 21:00:00,102.16,C
2025-01-03 21:00:00,120.53,D
2025-01-03 22:00:00,112.44,A
2025-01-03 22:00:00,124.76,B
2025-01-03 22:00:00,100.24,C
2025-01-03 22:00:00,118.32,D
2025-01-03 23:00:00,102.86,A
2025-01-03 23:00:00,117.71,B
2025-01-03 23:00:00,96.96,C
2025-01-03 23:00:00,112.51,D
2025-01-04 00:00:00,78.67,A
2025-01-04 00:00:00,88.66,B
2025-01-04 00:00:00,76.22,C
2025-01-04 00:00:00,87.7,D
2025-01-04 01:00:00,65.5,A
2025-01-04 01:00:00,80.79,B
2025-01-04 01:00:00,56.08,C
2025-01-04 01:00:00,66.52,D
2025-01-04 02:00:00,58.85,A
2025-01-04 02:00:00,65.66,B
2025-01-04 02:00:00,52.02,C
2025-01-04 02:00:00,71.11,D
2025-01-04 03:00:00,42.54,A
2025-01-04 03:00:00,62.56,B
2025-01-04 03:00:00,47.99,C
2025-01-04 03:00:00,59.86,D
2025-01-04 04:00:00,32.36,A
2025-01-04 04:00:00,44.73,B
2025-01-04 04:00:00,31.05,C
2025-01-04 04:00:00,61.17,D
2025-01-04 05:00:00,30.56,A
2025-01-04 05:00:00,53.18,B
2025-01-04 05:00:00,34.62,C
2025-01-04 05:00:00,42.91,D
2025-01-04 06:00:00,33.14,A
2025-01-04 06:00:00,39.81,B
2025-01-04 06:00:00,34.97,C
2025-01-04 06:00:00,53.27,D
2025-01-04 07:00:00,32.68,A
2025-01-04 07:00:00,47.28,B
2025-01-04 07:00:00,22.96,C
2025-01-04 07:00:00,46.95,D
2025-01-04 08:00:00,41.33,A
2025-01-04 08:00:00,36.14,B
2025-01-04 08:00:00,17.08,C
2025-01-04 08:00:00,48.94,D
2025-01-04 09:00:00,28.21,A
2025-01-04 09:00:00,48.69,B
2025-01-04 09:00:00,25.72,C
2025-01-04 09:00:00,41.87,D
2025-01-04 10:00:00,39.17,A
2025-01-04 10:00:00,60.65,B
2025-01-04 10:00:00,41.62,C
2025-01-04 10:00:00,64.24,D
2025-01-04 11:00:00,49.73,A
2025-01-04 11:00:00,69.93,B
2025-01-04 11:00:00,34.21,C
2025-01-04 11:00:00,54.02,D
2025-01-04 12:00:00,52.72,A
2025-01-04 12:00:00,87.77,B
2025-01-04 12:00:00,55.88,C
2025-01-04 12:00:00,64.52,D
2025-01-04 13:00:00,65.71,A
2025-01-04 13:00:00,52.57,C
2025-01-04 13:00:00,83.15,D
2025-01-04 14:00:00,80.37,A
2025-01-04 14:00:00,93.1,B
2025-01-04 14:00:00,73.78,C
2025-01-04 14:00:00,95.87,D
2025-01-04 15:00:00,82.22,A
2025-01-04 15:00:00,103.25,B
2025-01-04 15:00:00,69.25,C
2025-01-04 15:00:00,106.65,D
2025-01-04 16:00:00,92.67,A
2025-01-04 16:00:00,110.8,B
2025-01-04 16:00:00,85.21,C
2025-01-04 16:00:00,116.1,D
2025-01-04 17:00:00,99.37,A
2025-01-04 17:00:00,107.82,B
2025-01-04 17:00:00,98.23,C
2025-01-04 17:00:00,113.81,D
2025-01-04 18:00:00,97.79,A
2025-01-04 18:00:00,118.94,B
2025-01-04 18:00:00,120.41,D
2025-01-04 19:00:00,116.77,A
2025-01-04 19:00:00,118.52,B
2025-01-04 19:00:00,108.69,C
2025-01-04 19:00:00,115.12,D
2025-01-04 20:00:00,101.7,A
2025-01-04 20:00:00,103.22,B
2025-01-04 20:00:00,95.64,C
2025-01-04 20:00:00,110.8,D
2025-01-04 21:00:00,100.25,A
2025-01-04 21:00:00,114.36,B
2025-01-04 21:00:00,89.59,C
2025-01-04 21:00:00,108.15,D
2025-01-04 22:00:00,91.45,A
2025-01-04 22:00:00,110.71,B
2025-01-04 22:00:00,75.08,C
2025-01-04 22:00:00,102.46,D
2025-01-04 23:00:00,77.87,A
2025-01-04 23:00:00,83.98,B
2025-01-04 23:00:00,79.07,C
2025-01-04 23:00:00,94.34,D
2025-01-05 00:00:00,81.51,A
2025-01-05 00:00:00,81.89,B
2025-01-05 00:00:00,66.43,C
2025-01-05 00:00:00,96.11,D
2025-01-05 01:00:00,64.46,A
2025-01-05 01:00:00,80.76,B
2025-01-05 01:00:00,54.7,C
2025-01-05 01:00:00,74.18,D
2025-01-05 02:00:00,63.27,A
2025-01-05 02:00:00,64.37,B
2025-01-05 02:00:00,54.04,C
2025-01-05 02:00:00,67.57,D
2025-01-05 03:00:00,49.74,A
2025-01-05 03:00:00,55.73,B
2025-01-05 03:00:00,31.39,C
2025-01-05 03:00:00,66.11,D
2025-01-05 04:00:00,42.87,A
2025-01-05 04:00:00,65.0,B
2025-01-05 04:00:00,45.79,C
2025-01-05 04:00:00,44.67,D
2025-01-05 05:00:00,55.13,A
2025-01-05 05:00:00,41.98,B
2025-01-05 05:00:00,34.59,C
2025-01-05 05:00:00,43.08,D
2025-01-05 06:00:00,35.02,A
2025-01-05 06:00:00,49.04,B
2025-01-05 06:00:00,30.84,C
2025-01-05 06:00:00,50.65,D
2025-01-05 07:00:00,31.88,A
2025-01-05 07:00:00,43.79,B
2025-01-05 07:00:00,24.91,C
2025-01-05 07:00:00,50.59,D
2025-01-05 08:00:00,41.29,A
2025-01-05 08:00:00,44.97,B
2025-01-05 08:00:00,30.49,C
2025-01-05 08:00:00,44.16,D
2025-01-05 09:00:00,28.64,A
2025-01-05 09:00:00,46.49,B
2025-01-05 09:00:00,29.41,C
2025-01-05 09:00:00,55.01,D
2025-01-05 10:00:00,40.41,A
2025-01-05 10:00:00,72.45,B
2025-01-05 10:00:00,27.78,C
2025-01-05 10:00:00,54.43,D
2025-01-05 11:00:00,54.3,A
2025-01-05 11:00:00,64.77,B
2025-01-05 11:00:00,39.38,C
2025-01-05 11:00:00,61.21,D
2025-01-05 12:00:00,59.33,A
2025-01-05 12:00:00,74.12,B
2025-01-05 12:00:00,53.35,C
2025-01-05 12:00:00,68.71,D
2025-01-05 13:00:00,71.98,A
2025-01-05 13:00:00,78.3,B
2025-01-05 13:00:00,59.49,C
2025-01-05 13:00:00,79.84,D
2025-01-05 14:00:00,69.95,A
2025-01-05 14:00:00,87.35,B
2025-01-05 14:00:00,68.23,C
2025-01-05 14:00:00,80.67,D
2025-01-05 15:00:00,77.37,A
2025-01-05 15:00:00,101.72,B
2025-01-05 15:00:00,73.72,C
2025-01-05 15:00:00,104.23,D
2025-01-05 16:00:00,94.34,A
2025-01-05 16:00:00,105.9,B
2025-01-05 16:00:00,76.59,C
2025-01-05 16:00:00,100.75,D
2025-01-05 17:00:00,98.5,A
2025-01-05 17:00:00,119.03,B
2025-01-05 17:00:00,81.55,C
2025-01-05 17:00:00,96.42,D
2025-01-05 18:00:00,96.48,A
2025-01-05 18:00:00,120.8,B
2025-01-05 18:00:00,101.92,C
2025-01-05 18:00:00,121.11,D
2025-01-05 19:00:00,99.43,A
2025-01-05 19:00:00,118.02,B
2025-01-05 19:00:00,103.23,C
2025-01-05 19:00:00,103.97,D
2025-01-05 20:00:00,100.75,A
2025-01-05 20:00:00,123.02,B
2025-01-05 20:00:00,99.12,C
2025-01-05 20:00:00,103.38,D
2025-01-05 21:00:00,94.57,A
2025-01-05 21:00:00,106.1,B
2025-01-05 21:00:00,86.88,C
2025-01-05 21:00:00,97.29,D
2025-01-05 22:00:00,83.33,A
2025-01-05 22:00:00,110.96,B
2025-01-05 22:00:00,93.85,C
2025-01-05 22:00:00,98.0,D
2025-01-05 23:00:00,89.17,A
2025-01-05 23:00:00,93.49,B
2025-01-05 23:00:00,80.65,C
2025-01-06 00:00:00,87.42,A
2025-01-06 00:00:00,115.15,B
2025-01-06 00:00:00,77.46,C
2025-01-06 00:00:00,110.76,D
2025-01-06 01:00:00,84.73,A
2025-01-06 01:00:00,92.95,B
2025-01-06 01:00:00,75.86,C
2025-01-06 01:00:00,90.12,D
2025-01-06 02:00:00,65.21,A
2025-01-06 02:00:00,86.94,B
2025-01-06 02:00:00,72.16,C
2025-01-06 02:00:00,79.72,D
2025-01-06 03:00:00,64.84,A
2025-01-06 03:00:00,87.21,B
2025-01-06 03:00:00,61.01,C
2025-01-06 03:00:00,75.59,D
2025-01-06 04:00:00,55.46,A
2025-01-06 04:00:00,73.44,B
2025-01-06 04:00:00,56.37,C
2025-01-06 04:00:00,65.57,D
2025-01-06 05:00:00,51.9,A
2025-01-06 05:00:00,65.62,B
2025-01-06 05:00:00,52.22,C
2025-01-06 05:00:00,66.13,D
2025-01-06 06:00:00,50.95,A
2025-01-06 06:00:00,62.16,B
2025-01-06 06:00:00,49.61,C
2025-01-06 06:00:00,63.98,D
2025-01-06 07:00:00,53.88,A
2025-01-06 07:00:00,62.54,B
2025-01-06 07:00:00,45.61,C
2025-01-06 07:00:00,64.35,D
2025-01-06 08:00:00,51.73,A
2025-01-06 08:00:00,59.38,B
2025-01-06 08:00:00,50.72,C
2025-01-06 08:00:00,53.77,D
2025-01-06 09:00:00,52.76,A
2025-01-06 09:00:00,68.58,B
2025-01-06 09:00:00,55.4,C
2025-01-06 09:00:00,64.42,D
2025-01-06 10:00:00,62.62,A
2025-01-06 10:00:00,77.5,B
2025-01-06 10:00:00,48.26,C
2025-01-06 10:00:00,71.13,D
2025-01-06 11:00:00,72.65,A
2025-01-06 11:00:00,77.6,B
2025-01-06 11:00:00,51.58,C
2025-01-06 11:00:00,86.69,D
2025-01-06 12:00:00,81.33,A
2025-01-06 12:00:00,92.06,B
2025-01-06 12:00:00,73.8,C
2025-01-06 12:00:00,84.31,D
2025-01-06 13:00:00,87.46,A
2025-01-06 13:00:00,106.34,B
2025-01-06 13:00:00,80.51,C
2025-01-06 13:00:00,108.95,D
2025-01-06 14:00:00,89.67,A
2025-01-06 14:00:00,104.82,B
2025-01-06 14:00:00,83.33,C
2025-01-06 14:00:00,109.6,D
2025-01-06 15:00:00,99.3,A
2025-01-06 15:00:00,111.76,B
2025-01-06 15:00:00,105.23,C
2025-01-06 15:00:00,116.23,D
2025-01-06 16:00:00,112.56,A
2025-01-06 16:00:00,127.72,B
2025-01-06 16:00:00,108.29,C
2025-01-06 16:00:00,117.43,D
2025-01-06 17:00:00,109.24,A
2025-01-06 17:00:00,130.46,B
2025-01-06 17:00:00,111.27,C
2025-01-06 18:00:00,122.4,A
2025-01-06 18:00:00,131.13,B
2025-01-06 18:00:00,118.48,C
2025-01-06 18:00:00,134.61,D
2025-01-06 19:00:00,113.33,A
2025-01-06 19:00:00,115.83,C
2025-01-06 19:00:00,133.4,D
2025-01-06 20:00:00,126.11,A
2025-01-06 20:00:00,128.9,B
2025-01-06 20:00:00,105.37,C
2025-01-06 20:00:00,134.39,D
2025-01-06 21:00:00,117.23,A
2025-01-06 21:00:00,131.72,B
2025-01-06 21:00:00,128.54,D
2025-01-06 22:00:00,113.46,A
2025-01-06 22:00:00,130.13,B
2025-01-06 22:00:00,105.44,C
2025-01-06 22:00:00,101.29,D
2025-01-06 23:00:00,108.25,A
2025-01-06 23:00:00,107.94,B
2025-01-06 23:00:00,100.11,C
2025-01-06 23:00:00,119.27,D
2025-01-07 00:00:00,96.17,A
2025-01-07 00:00:00,105.99,B
2025-01-07 00:00:00,100.56,C
2025-01-07 00:00:00,104.03,D
2025-01-07 01:00:00,87.41,A
2025-01-07 01:00:00,107.44,B
2025-01-07 01:00:00,86.73,C
2025-01-07 01:00:00,94.96,D
2025-01-07 02:00:00,92.44,A
2025-01-07 02:00:00,95.84,B
2025-01-07 02:00:00,77.13,C
2025-01-07 02:00:00,90.9,D
2025-01-07 03:00:00,67.17,A
2025-01-07 03:00:00,83.58,B
2025-01-07 03:00:00,55.28,C
2025-01-07 03:00:00,64.27,D
2025-01-07 04:00:00,54.85,A
2025-01-07 04:00:00,79.88,B
2025-01-07 04:00:00,48.54,C
2025-01-07 04:00:00,68.71,D
2025-01-07 05:00:00,58.69,A
2025-01-07 05:00:00,65.9,B
2025-01-07 05:00:00,39.93,C
2025-01-07 05:00:00,68.59,D
2025-01-07 06:00:00,48.41,A
2025-01-07 06:00:00,71.97,B
2025-01-07 06:00:00,47.77,C
2025-01-07 06:00:00,56.9,D
2025-01-07 07:00:00,45.42,A
2025-01-07 07:00:00,61.1,B
2025-01-07 07:00:00,48.59,C
2025-01-07 07:00:00,45.93,D
2025-01-07 08:00:00,44.98,A
2025-01-07 08:00:00,66.7,B
2025-01-07 08:00:00,44.63,C
2025-01-07 08:00:00,55.34,D
2025-01-07 09:00:00,59.2,A
2025-01-07 09:00:00,74.5,B
2025-01-07 09:00:00,46.37,C
2025-01-07 09:00:00,62.16,D
2025-01-07 10:00:00,55.93,A
2025-01-07 10:00:00,70.5,B
2025-01-07 10:00:00,52.5,C
2025-01-07 10:00:00,78.08,D
2025-01-07 11:00:00,78.29,A
2025-01-07 11:00:00,77.11,B
2025-01-07 11:00:00,63.7,C
2025-01-07 11:00:00,77.18,D
2025-01-07 12:00:00,75.1,A
2025-01-07 12:00:00,77.68,B
2025-01-07 12:00:00,67.55,C
2025-01-07 12:00:00,93.23,D
2025-01-07 13:00:00,86.19,A
2025-01-07 13:00:00,80.64,C
2025-01-07 13:00:00,91.37,D
2025-01-07 14:00:00,100.45,A
2025-01-07 14:00:00,105.7,B
2025-01-07 14:00:00,95.84,C
2025-01-07 14:00:00,107.21,D
2025-01-07 15:00:00,102.12,A
2025-01-07 15:00:00,114.47,B
2025-01-07 15:00:00,95.52,C
2025-01-07 16:00:00,111.8,A
2025-01-07 16:00:00,124.92,B
2025-01-07 16:00:00,112.61,C
2025-01-07 16:00:00,129.74,D
2025-01-07 17:00:00,110.31,A
2025-01-07 17:00:00,124.42,B
2025-01-07 17:00:00,117.8,C
2025-01-07 17:00:00,133.44,D
2025-01-07 18:00:00,121.52,A
2025-01-07 18:00:00,137.98,B
2025-01-07 18:00:00,104.05,C
2025-01-07 18:00:00,123.76,D
2025-01-07 19:00:00,124.86,A
2025-01-07 19:00:00,126.91,B
2025-01-07 19:00:00,104.89,C
2025-01-07 19:00:00,134.84,D
2025-01-07 20:00:00,115.39,A
2025-01-07 20:00:00,132.77,B
2025-01-07 20:00:00,121.82,C
2025-01-07 20:00:00,137.5,D
2025-01-07 21:00:00,118.74,A
2025-01-07 21:00:00,129.68,B
2025-01-07 21:00:00,104.39,C
2025-01-07 21:00:00,119.46,D
2025-01-07 22:00:00,111.25,A
2025-01-07 22:00:00,118.94,B
2025-01-07 22:00:00,103.56,C
2025-01-07 22:00:00,122.34,D
2025-01-07 23:00:00,99.61,A
2025-01-07 23:00:00,120.3,B
2025-01-07 23:00:00,114.59,D
2025-01-08 00:00:00,101.63,A
2025-01-08 00:00:00,97.46,B
2025-01-08 00:00:00,81.24,C
2025-01-08 00:00:00,97.72,D
2025-01-08 01:00:00,86.12,A
2025-01-08 01:00:00,98.8,B
2025-01-08 01:00:00,82.26,C
2025-01-08 01:00:00,77.69,D
2025-01-08 02:00:00,76.85,A
2025-01-08 02:00:00,98.54,B
2025-01-08 02:00:00,60.39,C
2025-01-08 02:00:00,86.87,D
2025-01-08 03:00:00,61.69,A
2025-01-08 03:00:00,80.94,B
2025-01-08 03:00:00,77.1,C
2025-01-08 03:00:00,85.71,D
2025-01-08 04:00:00,50.39,A
2025-01-08 04:00:00,75.79,B
2025-01-08 04:00:00,61.58,C
2025-01-08 05:00:00,59.5,A
2025-01-08 05:00:00,74.16,B
2025-01-08 05:00:00,55.35,C
2025-01-08 05:00:00,68.0,D
2025-01-08 06:00:00,53.36,A
2025-01-08 06:00:00,66.61,B
2025-01-08 06:00:00,46.11,C
2025-01-08 06:00:00,60.71,D
2025-01-08 07:00:00,48.3,A
2025-01-08 07:00:00,70.67,B
2025-01-08 07:00:00,50.1,C
2025-01-08 07:00:00,53.96,D
2025-01-08 08:00:00,42.27,A
2025-01-08 08:00:00,70.73,B
2025-01-08 08:00:00,50.56,C
2025-01-08 08:00:00,66.11,D
2025-01-08 09:00:00,60.37,A
2025-01-08 09:00:00,52.5,C
2025-01-08 09:00:00,63.9,D
2025-01-08 10:00:00,64.82,A
2025-01-08 10:00:00,80.96,B
2025-01-08 10:00:00,54.18,C
2025-01-08 10:00:00,78.69,D
2025-01-08 11:00:00,60.84,A
2025-01-08 11:00:00,74.81,B
2025-01-08 11:00:00,65.42,C
2025-01-08 11:00:00,86.53,D
2025-01-08 12:00:00,77.63,A
2025-01-08 12:00:00,96.16,B
2025-01-08 12:00:00,75.31,C
2025-01-08 12:00:00,92.64,D
2025-01-08 13:00:00,90.73,A
2025-01-08 13:00:00,74.68,C
2025-01-08 13:00:00,99.71,D
2025-01-08 14:00:00,93.91,A
2025-01-08 14:00:00,95.5,B
2025-01-08 14:00:00,91.06,C
2025-01-08 14:00:00,115.58,D
2025-01-08 15:00:00,94.25,A
2025-01-08 15:00:00,115.49,B
2025-01-08 15:00:00,92.88,C
2025-01-08 15:00:00,117.57,D
2025-01-08 16:00:00,108.81,A
2025-01-08 16:00:00,125.97,B
2025-01-08 16:00:00,114.2,C
2025-01-08 16:00:00,122.14,D
2025-01-08 17:00:00,107.55,A
2025-01-08 17:00:00,130.0,B
2025-01-08 17:00:00,111.99,C
2025-01-08 17:00:00,120.75,D
2025-01-08 18:00:00,113.96,A
2025-01-08 18:00:00,132.91,B
2025-01-08 18:00:00,110.0,C
2025-01-08 18:00:00,142.46,D
2025-01-08 19:00:00,119.5,A
2025-01-08 19:00:00,149.2,B
2025-01-08 19:00:00,111.94,C
2025-01-08 19:00:00,125.26,D
2025-01-08 20:00:00,117.04,A
2025-01-08 20:00:00,138.1,B
2025-01-08 20:00:00,127.82,C
2025-01-08 20:00:00,126.54,D
2025-01-08 21:00:00,130.25,B
2025-01-08 21:00:00,114.58,C
2025-01-08 21:00:00,117.02,D
2025-01-08 22:00:00,117.16,A
2025-01-08 22:00:00,123.89,B
2025-01-08 22:00:00,99.26,C
2025-01-08 22:00:00,116.65,D
2025-01-08 23:00:00,99.7,A
2025-01-08 23:00:00,114.51,B
2025-01-08 23:00:00,93.32,C
2025-01-08 23:00:00,110.46,D
2025-01-09 00:00:00,84.44,A
2025-01-09 00:00:00,113.49,B
2025-01-09 00:00:00,96.48,C
2025-01-09 00:00:00,98.73,D
2025-01-09 01:00:00,85.74,A
2025-01-09 01:00:00,105.63,B
2025-01-09 01:00:00,87.24,C
2025-01-09 01:00:00,90.82,D
2025-01-09 02:00:00,75.33,A
2025-01-09 02:00:00,91.02,B
2025-01-09 02:00:00,75.3,C
2025-01-09 02:00:00,86.54,D
2025-01-09 03:00:00,83.42,B
2025-01-09 03:00:00,66.44,C
2025-01-09 03:00:00,80.59,D
2025-01-09 04:00:00,67.66,A
2025-01-09 04:00:00,81.46,B
2025-01-09 04:00:00,58.29,C
2025-01-09 04:00:00,81.9,D
2025-01-09 05:00:00,57.01,A
2025-01-09 05:00:00,68.7,B
2025-01-09 05:00:00,45.85,C
2025-01-09 05:00:00,59.84,D
2025-01-09 06:00:00,45.5,A
2025-01-09 06:00:00,58.87,B
2025-01-09 06:00:00,52.39,C
2025-01-09 06:00:00,65.13,D
2025-01-09 07:00:00,53.95,A
2025-01-09 07:00:00,56.6,B
2025-01-09 07:00:00,38.92,C
2025-01-09 07:00:00,55.47,D
2025-01-09 08:00:00,47.56,A
2025-01-09 08:00:00,72.98,B
2025-01-09 08:00:00,44.17,C
2025-01-09 08:00:00,67.63,D
2025-01-09 09:00:00,46.6,A
2025-01-09 09:00:00,76.75,B
2025-01-09 09:00:00,62.9,C
2025-01-09 09:00:00,70.51,D
2025-01-09 10:00:00,53.61,A
2025-01-09 10:00:00,80.28,B
2025-01-09 10:00:00,52.15,C
2025-01-09 10:00:00,73.34,D
2025-01-09 11:00:00,72.54,A
2025-01-09 11:00:00,83.43,B
2025-01-09 11:00:00,69.21,C
2025-01-09 11:00:00,77.04,D
2025-01-09 12:00:00,72.81,A
2025-01-09 12:00:00,93.12,B
2025-01-09 12:00:00,54.26,C
2025-01-09 12:00:00,85.52,D
2025-01-09 13:00:00,95.27,A
2025-01-09 13:00:00,104.42,B
2025-01-09 13:00:00,76.47,C
2025-01-09 13:00:00,102.64,D
2025-01-09 14:00:00,96.52,A
2025-01-09 14:00:00,108.5,B
2025-01-09 14:00:00,86.22,C
2025-01-09 14:00:00,104.78,D
2025-01-09 15:00:00,101.27,A
2025-01-09 15:00:00,103.84,C
2025-01-09 15:00:00,117.49,D
2025-01-09 16:00:00,105.52,A
2025-01-09 16:00:00,122.99,B
2025-01-09 16:00:00,104.67,C
2025-01-09 16:00:00,119.35,D
2025-01-09 17:00:00,106.31,A
2025-01-09 17:00:00,128.73,B
2025-01-09 17:00:00,111.66,C
2025-01-09 17:00:00,126.19,D
2025-01-09 18:00:00,118.28,A
2025-01-09 18:00:00,120.06,B
2025-01-09 18:00:00,114.91,C
2025-01-09 18:00:00,123.05,D
2025-01-09 19:00:00,123.56,A
2025-01-09 19:00:00,133.14,B
2025-01-09 19:00:00,109.02,C
2025-01-09 19:00:00,128.14,D
2025-01-09 20:00:00,113.84,A
2025-01-09 20:00:00,127.34,B
2025-01-09 20:00:00,117.12,C
2025-01-09 20:00:00,132.22,D
2025-01-09 21:00:00,118.08,A
2025-01-09 21:00:00,129.88,B
2025-01-09 21:00:00,96.95,C
2025-01-09 21:00:00,112.99,D
2025-01-09 22:00:00,126.45,A
2025-01-09 22:00:00,126.81,B
2025-01-09 22:00:00,106.84,C
2025-01-09 22:00:00,122.71,D
2025-01-09 23:00:00,114.2,A
2025-01-09 23:00:00,117.59,B
2025-01-09 23:00:00,97.69,C
2025-01-09 23:00:00,110.07,D
2025-01-10 00:00:00,95.24,A
2025-01-10 00:00:00,103.16,B
2025-01-10 00:00:00,87.45,C
2025-01-10 00:00:00,108.45,D
2025-01-10 01:00:00,91.33,A
2025-01-10 01:00:00,103.06,B
2025-01-10 01:00:00,71.91,C
2025-01-10 01:00:00,98.42,D
2025-01-10 02:00:00,76.24,A
2025-01-10 02:00:00,89.28,B
2025-01-10 02:00:00,63.43,C
2025-01-10 02:00:00,79.97,D
2025-01-10 03:00:00,68.23,A
2025-01-10 03:00:00,92.15,B
2025-01-10 03:00:00,61.17,C
2025-01-10 03:00:00,79.95,D
2025-01-10 04:00:00,55.65,A
2025-01-10 04:00:00,75.25,B
2025-01-10 04:00:00,53.14,C
2025-01-10 04:00:00,60.5,D
2025-01-10 05:00:00,60.07,A
2025-01-10 05:00:00,67.44,B
2025-01-10 05:00:00,54.63,C
2025-01-10 05:00:00,59.56,D
2025-01-10 06:00:00,57.16,A
2025-01-10 06:00:00,51.51,C
2025-01-10 06:00:00,59.44,D
2025-01-10 07:00:00,52.7,A
2025-01-10 07:00:00,69.87,B
2025-01-10 07:00:00,49.11,C
2025-01-10 07:00:00,64.47,D
2025-01-10 08:00:00,52.81,A
2025-01-10 08:00:00,78.15,B
2025-01-10 08:00:00,39.81,C
2025-01-10 08:00:00,62.17,D
2025-01-10 09:00:00,60.26,A
2025-01-10 09:00:00,83.96,B
2025-01-10 09:00:00,41.11,C
2025-01-10 09:00:00,73.2,D
2025-01-10 10:00:00,67.16,A
2025-01-10 10:00:00,57.1,C
2025-01-10 10:00:00,68.42,D
2025-01-10 11:00:00,63.34,A
2025-01-10 11:00:00,81.5,B
2025-01-10 11:00:00,61.23,C
2025-01-10 11:00:00,69.52,D
2025-01-10 12:00:00,83.91,A
2025-01-10 12:00:00,91.01,B
2025-01-10 12:00:00,79.28,C
2025-01-10 12:00:00,87.24,D
2025-01-10 13:00:00,83.75,A
2025-01-10 13:00:00,90.27,B
2025-01-10 13:00:00,79.82,C
2025-01-10 13:00:00,88.16,D
2025-01-10 14:00:00,90.02,A
2025-01-10 14:00:00,112.19,B
2025-01-10 14:00:00,89.64,C
2025-01-10 14:00:00,101.13,D
2025-01-10 15:00:00,98.06,A
2025-01-10 15:00:00,116.27,B
2025-01-10 15:00:00,90.89,C
2025-01-10 15:00:00,104.9,D
2025-01-10 16:00:00,108.63,A
2025-01-10 16:00:00,124.99,B
2025-01-10 16:00:00,99.82,C
2025-01-10 16:00:00,114.35,D
2025-01-10 17:00:00,116.76,A
2025-01-10 17:00:00,131.55,B
2025-01-10 17:00:00,105.66,C
2025-01-10 17:00:00,129.28,D
2025-01-10 18:00:00,135.37,A
2025-01-10 18:00:00,131.37,B
2025-01-10 18:00:00,103.57,C
2025-01-10 18:00:00,133.97,D
2025-01-10 19:00:00,117.1,A
2025-01-10 19:00:00,139.32,B
2025-01-10 19:00:00,116.58,C
2025-01-10 19:00:00,133.3,D
2025-01-10 20:00:00,113.13,A
2025-01-10 20:00:00,136.33,B
2025-01-10 20:00:00,113.14,C
2025-01-10 20:00:00,117.25,D
2025-01-10 21:00:00,112.82,A
2025-01-10 21:00:00,134.4,B
2025-01-10 21:00:00,101.21,C
2025-01-10 21:00:00,124.04,D
2025-01-10 22:00:00,108.92,A
2025-01-10 22:00:00,126.93,B
2025-01-10 22:00:00,106.11,C
2025-01-10 22:00:00,117.68,D
2025-01-10 23:00:00,100.29,A
2025-01-10 23:00:00,115.73,B
2025-01-10 23:00:00,102.39,C
2025-01-10 23:00:00,113.65,D
2025-01-11 00:00:00,68.47,A
2025-01-11 00:00:00,91.24,B
2025-01-11 00:00:00,73.54,C
2025-01-11 00:00:00,97.87,D
2025-01-11 01:00:00,60.81,A
2025-01-11 01:00:00,82.77,B
2025-01-11 01:00:00,60.26,C
2025-01-11 01:00:00,80.07,D
2025-01-11 02:00:00,55.7,A
2025-01-11 02:00:00,66.37,B
2025-01-11 02:00:00,45.97,C
2025-01-11 02:00:00,71.06,D
2025-01-11 03:00:00,48.63,A
2025-01-11 03:00:00,60.85,B
2025-01-11 03:00:00,37.91,C
2025-01-11 03:00:00,51.72,D
2025-01-11 04:00:00,33.25,A
2025-01-11 04:00:00,72.63,B
2025-01-11 04:00:00,28.39,C
2025-01-11 04:00:00,46.67,D
2025-01-11 05:00:00,39.33,A
2025-01-11 05:00:00,50.5,B
2025-01-11 05:00:00,25.78,C
2025-01-11 05:00:00,51.39,D
2025-01-11 06:00:00,41.1,A
2025-01-11 06:00:00,51.72,B
2025-01-11 06:00:00,29.31,C
2025-01-11 06:00:00,52.78,D
2025-01-11 07:00:00,32.31,A
2025-01-11 07:00:00,45.26,B
2025-01-11 07:00:00,27.86,C
2025-01-11 07:00:00,30.69,D
2025-01-11 08:00:00,30.19,A
2025-01-11 08:00:00,42.69,B
2025-01-11 08:00:00,19.51,C
2025-01-11 08:00:00,45.21,D
2025-01-11 09:00:00,32.56,A
2025-01-11 09:00:00,48.66,B
2025-01-11 09:00:00,25.65,C
2025-01-11 09:00:00,50.03,D
2025-01-11 10:00:00,44.47,A
2025-01-11 10:00:00,63.33,B
2025-01-11 10:00:00,39.6,C
2025-01-11 10:00:00,66.39,D
2025-01-11 11:00:00,59.26,A
2025-01-11 11:00:00,71.01,B
2025-01-11 11:00:00,43.28,C
2025-01-11 11:00:00,60.24,D
2025-01-11 12:00:00,62.17,A
2025-01-11 12:00:00,77.22,B
2025-01-11 12:00:00,49.3,C
2025-01-11 12:00:00,69.62,D
2025-01-11 13:00:00,66.64,A
2025-01-11 13:00:00,83.07,B
2025-01-11 13:00:00,68.04,C
2025-01-11 13:00:00,77.11,D
2025-01-11 14:00:00,77.85,A
2025-01-11 14:00:00,94.25,B
2025-01-11 14:00:00,66.82,C
2025-01-11 14:00:00,86.31,D
2025-01-11 15:00:00,91.85,A
2025-01-11 15:00:00,105.37,B
2025-01-11 15:00:00,80.67,C
2025-01-11 15:00:00,92.98,D
2025-01-11 16:00:00,95.76,A
2025-01-11 16:00:00,112.36,B
2025-01-11 16:00:00,90.07,C
2025-01-11 16:00:00,101.14,D
2025-01-11 17:00:00,94.16,A
2025-01-11 17:00:00,116.3,B
2025-01-11 17:00:00,88.16,C
2025-01-11 17:00:00,104.36,D
2025-01-11 18:00:00,100.23,A
2025-01-11 18:00:00,110.65,B
2025-01-11 18:00:00,102.61,C
2025-01-11 18:00:00,106.91,D
2025-01-11 19:00:00,111.22,A
2025-01-11 19:00:00,106.66,B
2025-01-11 19:00:00,98.27,C
2025-01-11 19:00:00,124.67,D
2025-01-11 20:00:00,93.52,A
2025-01-11 20:00:00,108.54,B
2025-01-11 20:00:00,99.71,C
2025-01-11 20:00:00,103.44,D
2025-01-11 21:00:00,100.47,A
2025-01-11 21:00:00,115.04,B
2025-01-11 21:00:00,80.42,C
2025-01-11 21:00:00,103.3,D
2025-01-11 22:00:00,95.91,A
2025-01-11 22:00:00,101.43,B
2025-01-11 22:00:00,95.12,C
2025-01-11 22:00:00,97.39,D
2025-01-11 23:00:00,91.94,A
2025-01-11 23:00:00,98.14,B
2025-01-11 23:00:00,80.41,C
2025-01-11 23:00:00,97.01,D
2025-01-12 00:00:00,72.57,A
2025-01-12 00:00:00,94.21,B
2025-01-12 00:00:00,74.08,C
2025-01-12 00:00:00,98.4,D
2025-01-12 01:00:00,67.83,A
2025-01-12 01:00:00,77.55,B
2025-01-12 01:00:00,56.35,C
2025-01-12 01:00:00,73.13,D
2025-01-12 02:00:00,48.16,A
2025-01-12 02:00:00,80.29,B
2025-01-12 02:00:00,62.65,C
2025-01-12 02:00:00,66.37,D
2025-01-12 03:00:00,52.51,A
2025-01-12 03:00:00,76.21,B
2025-01-12 03:00:00,47.5,C
2025-01-12 03:00:00,57.82,D
2025-01-12 04:00:00,42.11,A
2025-01-12 04:00:00,60.38,B
2025-01-12 04:00:00,35.24,C
2025-01-12 04:00:00,43.45,D
2025-01-12 05:00:00,37.39,A
2025-01-12 05:00:00,52.33,B
2025-01-12 05:00:00,33.89,C
2025-01-12 05:00:00,59.88,D
2025-01-12 06:00:00,29.54,A
2025-01-12 06:00:00,49.44,B
2025-01-12 06:00:00,19.86,C
2025-01-12 06:00:00,44.53,D
2025-01-12 07:00:00,33.55,A
2025-01-12 07:00:00,44.82,B
2025-01-12 07:00:00,27.82,C
2025-01-12 07:00:00,41.14,D
2025-01-12 08:00:00,34.37,A
2025-01-12 08:00:00,40.05,B
2025-01-12 08:00:00,39.33,D
2025-01-12 09:00:00,36.51,A
2025-01-12 09:00:00,56.75,B
2025-01-12 09:00:00,23.0,C
2025-01-12 09:00:00,43.79,D
2025-01-12 10:00:00,47.23,A
2025-01-12 10:00:00,55.61,B
2025-01-12 10:00:00,36.19,C
2025-01-12 10:00:00,56.56,D
2025-01-12 11:00:00,49.85,A
2025-01-12 11:00:00,62.35,B
2025-01-12 11:00:00,41.03,C
2025-01-12 11:00:00,69.43,D
2025-01-12 12:00:00,66.0,A
2025-01-12 12:00:00,76.73,D
2025-01-12 13:00:00,70.82,A
2025-01-12 13:00:00,84.91,B
2025-01-12 13:00:00,74.09,C
2025-01-12 13:00:00,82.73,D
2025-01-12 14:00:00,85.1,A
2025-01-12 14:00:00,91.74,B
2025-01-12 14:00:00,67.09,C
2025-01-12 14:00:00,85.22,D
2025-01-12 15:00:00,91.06,A
2025-01-12 15:00:00,103.37,B
2025-01-12 15:00:00,80.07,C
2025-01-12 15:00:00,93.25,D
2025-01-12 16:00:00,93.69,A
2025-01-12 16:00:00,107.14,B
2025-01-12 16:00:00,89.98,C
2025-01-12 16:00:00,103.77,D
2025-01-12 17:00:00,95.08,A
2025-01-12 17:00:00,100.04,B
2025-01-12 17:00:00,94.4,C
2025-01-12 17:00:00,104.95,D
2025-01-12 18:00:00,109.08,A
2025-01-12 18:00:00,111.96,B
2025-01-12 18:00:00,97.0,C
2025-01-12 18:00:00,117.18,D
2025-01-12 19:00:00,98.42,A
2025-01-12 19:00:00,126.23,B
2025-01-12 19:00:00,103.09,C
2025-01-12 19:00:00,114.38,D
2025-01-12 20:00:00,104.84,A
2025-01-12 20:00:00,116.58,B
2025-01-12 20:00:00,80.29,C
2025-01-12 20:00:00,118.91,D
2025-01-12 21:00:00,101.82,A
2025-01-12 21:00:00,108.55,B
2025-01-12 21:00:00,94.86,C
2025-01-12 21:00:00,106.59,D
2025-01-12 22:00:00,87.0,A
2025-01-12 22:00:00,92.76,B
2025-01-12 22:00:00,84.53,C
2025-01-12 22:00:00,106.96,D
2025-01-12 23:00:00,86.58,A
2025-01-12 23:00:00,98.39,B
2025-01-12 23:00:00,84.69,C
2025-01-12 23:00:00,100.35,D
2025-01-13 00:00:00,86.79,A
2025-01-13 00:00:00,106.04,B
2025-01-13 00:00:00,89.22,C
2025-01-13 00:00:00,115.58,D
2025-01-13 01:00:00,95.61,A
2025-01-13 01:00:00,101.91,B
2025-01-13 01:00:00,76.34,C
2025-01-13 01:00:00,99.3,D
2025-01-13 02:00:00,84.63,A
2025-01-13 02:00:00,86.83,B
2025-01-13 02:00:00,75.8,C
2025-01-13 02:00:00,85.4,D
2025-01-13 03:00:00,61.87,A
2025-01-13 03:00:00,82.5,B
2025-01-13 03:00:00,58.35,C
2025-01-13 03:00:00,71.41,D
2025-01-13 04:00:00,63.18,A
2025-01-13 04:00:00,75.74,B
2025-01-13 04:00:00,56.48,C
2025-01-13 04:00:00,77.75,D
2025-01-13 05:00:00,53.09,A
2025-01-13 05:00:00,65.71,B
2025-01-13 05:00:00,55.91,C
2025-01-13 05:00:00,66.02,D
2025-01-13 06:00:00,55.12,A
2025-01-13 06:00:00,69.22,B
2025-01-13 06:00:00,48.3,C
2025-01-13 06:00:00,58.68,D
2025-01-13 07:00:00,33.1,A
2025-01-13 07:00:00,59.14,B
2025-01-13 07:00:00,44.27,C
2025-01-13 07:00:00,57.44,D
2025-01-13 08:00:00,46.08,A
2025-01-13 08:00:00,71.17,B
2025-01-13 08:00:00,50.65,C
2025-01-13 08:00:00,60.48,D
2025-01-13 09:00:00,57.3,A
2025-01-13 09:00:00,60.69,B
2025-01-13 09:00:00,59.97,C
2025-01-13 09:00:00,60.61,D
2025-01-13 10:00:00,50.84,A
2025-01-13 10:00:00,84.43,B
2025-01-13 10:00:00,56.03,C
2025-01-13 10:00:00,53.92,D
2025-01-13 11:00:00,67.48,A
2025-01-13 11:00:00,72.73,B
2025-01-13 11:00:00,54.16,C
2025-01-13 11:00:00,77.15,D
2025-01-13 12:00:00,75.67,A
2025-01-13 12:00:00,93.77,B
2025-01-13 12:00:00,70.43,C
2025-01-13 12:00:00,91.36,D
2025-01-13 13:00:00,95.86,A
2025-01-13 13:00:00,98.69,B
2025-01-13 13:00:00,83.06,C
2025-01-13 13:00:00,86.31,D
2025-01-13 14:00:00,87.11,A
2025-01-13 14:00:00,103.76,B
2025-01-13 14:00:00,78.95,C
2025-01-13 14:00:00,99.23,D
2025-01-13 15:00:00,97.65,A
2025-01-13 15:00:00,117.22,B
2025-01-13 15:00:00,95.15,C
2025-01-13 15:00:00,110.87,D
2025-01-13 16:00:00,104.1,A
2025-01-13 16:00:00,124.84,B
2025-01-13 16:00:00,117.33,D
2025-01-13 17:00:00,111.64,A
2025-01-13 17:00:00,131.52,B
2025-01-13 17:00:00,106.12,C
2025-01-13 17:00:00,123.22,D
2025-01-13 18:00:00,122.07,A
2025-01-13 18:00:00,140.91,B
2025-01-13 18:00:00,115.23,C
2025-01-13 18:00:00,125.71,D
2025-01-13 19:00:00,121.72,A
2025-01-13 19:00:00,128.04,B
2025-01-13 19:00:00,121.76,C
2025-01-13 19:00:00,130.19,D
2025-01-13 20:00:00,127.36,A
2025-01-13 20:00:00,139.72,B
2025-01-13 20:00:00,117.48,C
2025-01-13 20:00:00,122.91,D
2025-01-13 21:00:00,113.92,A
2025-01-13 21:00:00,141.22,B
2025-01-13 21:00:00,118.2,C
2025-01-13 21:00:00,127.01,D
2025-01-13 22:00:00,105.34,A
2025-01-13 22:00:00,128.08,B
2025-01-13 22:00:00,105.85,C
2025-01-13 22:00:00,116.39,D
2025-01-13 23:00:00,102.96,A
2025-01-13 23:00:00,120.44,B
2025-01-13 23:00:00,103.84,C
2025-01-13 23:00:00,107.8,D
2025-01-14 00:00:00,90.18,A
2025-01-14 00:00:00,104.5,B
2025-01-14 00:00:00,91.13,C
2025-01-14 00:00:00,110.02,D
2025-01-14 01:00:00,79.61,A
2025-01-14 01:00:00,101.31,B
2025-01-14 01:00:00,84.19,C
2025-01-14 01:00:00,86.88,D
2025-01-14 02:00:00,72.88,A
2025-01-14 02:00:00,74.7,B
2025-01-14 02:00:00,69.72,C
2025-01-14 02:00:00,84.42,D
2025-01-14 03:00:00,67.03,A
2025-01-14 03:00:00,77.06,B
2025-01-14 03:00:00,64.26,C
2025-01-14 03:00:00,66.15,D
2025-01-14 04:00:00,58.12,A
2025-01-14 04:00:00,72.41,B
2025-01-14 04:00:00,55.19,C
2025-01-14 05:00:00,65.67,A
2025-01-14 05:00:00,67.53,B
2025-01-14 05:00:00,56.62,C
2025-01-14 05:00:00,64.42,D
2025-01-14 06:00:00,42.08,A
2025-01-14 06:00:00,77.88,B
2025-01-14 06:00:00,47.52,C
2025-01-14 06:00:00,63.57,D
2025-01-14 07:00:00,49.72,A
2025-01-14 07:00:00,59.6,B
2025-01-14 07:00:00,49.84,C
2025-01-14 07:00:00,57.22,D
2025-01-14 08:00:00,51.72,A
2025-01-14 08:00:00,57.16,B
2025-01-14 08:00:00,43.73,C
2025-01-14 08:00:00,60.2,D
2025-01-14 09:00:00,56.67,A
2025-01-14 09:00:00,71.96,B
2025-01-14 09:00:00,45.7,C
2025-01-14 09:00:00,67.0,D
2025-01-14 10:00:00,60.03,A
2025-01-14 10:00:00,58.72,C
2025-01-14 10:00:00,64.5,D
2025-01-14 11:00:00,73.1,A
2025-01-14 11:00:00,95.39,B
2025-01-14 11:00:00,66.36,C
2025-01-14 11:00:00,76.45,D
2025-01-14 12:00:00,68.98,A
2025-01-14 12:00:00,91.82,B
2025-01-14 12:00:00,74.14,C
2025-01-14 12:00:00,85.43,D
2025-01-14 13:00:00,86.02,A
2025-01-14 13:00:00,96.63,B
2025-01-14 13:00:00,73.89,C
2025-01-14 13:00:00,87.37,D
2025-01-14 14:00:00,88.86,A
2025-01-14 14:00:00,115.74,B
2025-01-14 14:00:00,93.87,C
2025-01-14 14:00:00,107.17,D
2025-01-14 15:00:00,98.75,A
2025-01-14 15:00:00,129.27,B
2025-01-14 15:00:00,93.24,C
2025-01-14 15:00:00,110.57,D
2025-01-14 16:00:00,111.2,A
2025-01-14 16:00:00,118.99,B
2025-01-14 16:00:00,103.67,C
2025-01-14 16:00:00,127.81,D
2025-01-14 17:00:00,108.9,A
2025-01-14 17:00:00,129.18,B
2025-01-14 17:00:00,100.77,C
2025-01-14 17:00:00,112.79,D
2025-01-14 18:00:00,109.15,A
2025-01-14 18:00:00,135.61,B
2025-01-14 18:00:00,107.34,C
2025-01-14 18:00:00,133.76,D
2025-01-14 19:00:00,115.06,A
2025-01-14 19:00:00,134.25,B
2025-01-14 19:00:00,118.22,C
2025-01-14 19:00:00,131.89,D
2025-01-14 20:00:00,121.26,A
2025-01-14 20:00:00,132.25,B
2025-01-14 20:00:00,113.15,C
2025-01-14 20:00:00,134.74,D
2025-01-14 21:00:00,117.97,A
2025-01-14 21:00:00,133.16,B
2025-01-14 21:00:00,112.14,C
2025-01-14 21:00:00,127.21,D
2025-01-14 22:00:00,108.77,A
2025-01-14 22:00:00,120.24,B
2025-01-14 22:00:00,97.13,C
2025-01-14 22:00:00,127.85,D
2025-01-14 23:00:00,98.99,A
2025-01-14 23:00:00,117.83,B
2025-01-14 23:00:00,108.54,C
2025-01-14 23:00:00,110.06,D
2025-01-15 00:00:00,93.4,A
2025-01-15 00:00:00,106.58,B
2025-01-15 00:00:00,86.98,C
2025-01-15 00:00:00,109.44,D
2025-01-15 01:00:00,74.71,A
2025-01-15 01:00:00,94.45,B
2025-01-15 01:00:00,81.15,C
2025-01-15 01:00:00,98.15,D
2025-01-15 02:00:00,68.85,A
2025-01-15 02:00:00,93.4,B
2025-01-15 02:00:00,75.03,C
2025-01-15 02:00:00,93.09,D
2025-01-15 03:00:00,71.22,A
2025-01-15 03:00:00,78.16,B
2025-01-15 03:00:00,57.81,C
2025-01-15 03:00:00,77.52,D
2025-01-15 04:00:00,59.64,A
2025-01-15 04:00:00,66.69,B
2025-01-15 04:00:00,59.04,C
2025-01-15 04:00:00,69.36,D
2025-01-15 05:00:00,42.97,A
2025-01-15 05:00:00,76.76,B
2025-01-15 05:00:00,52.86,C
2025-01-15 05:00:00,69.51,D
2025-01-15 06:00:00,53.46,A
2025-01-15 06:00:00,63.3,B
2025-01-15 06:00:00,47.23,C
2025-01-15 06:00:00,54.25,D
2025-01-15 07:00:00,43.51,A
2025-01-15 07:00:00,60.09,B
2025-01-15 07:00:00,42.89,C
2025-01-15 07:00:00,45.29,D
2025-01-15 08:00:00,51.06,A
2025-01-15 08:00:00,59.94,B
2025-01-15 08:00:00,42.53,C
2025-01-15 08:00:00,53.26,D
2025-01-15 09:00:00,58.18,A
2025-01-15 09:00:00,72.95,B
2025-01-15 09:00:00,44.27,C
2025-01-15 09:00:00,69.2,D
2025-01-15 10:00:00,54.31,A
2025-01-15 10:00:00,61.41,B
2025-01-15 10:00:00,58.06,C
2025-01-15 10:00:00,62.4,D
2025-01-15 11:00:00,70.29,A
2025-01-15 11:00:00,78.12,B
2025-01-15 11:00:00,60.88,C
2025-01-15 11:00:00,77.91,D
2025-01-15 12:00:00,74.62,A
2025-01-15 12:00:00,91.54,B
2025-01-15 12:00:00,75.55,C
2025-01-15 12:00:00,83.3,D
2025-01-15 13:00:00,81.11,A
2025-01-15 13:00:00,100.37,B
2025-01-15 13:00:00,76.04,C
2025-01-15 13:00:00,99.12,D
2025-01-15 14:00:00,103.62,A
2025-01-15 14:00:00,116.53,B
2025-01-15 14:00:00,92.28,C
2025-01-15 14:00:00,105.75,D
2025-01-15 15:00:00,101.28,A
2025-01-15 15:00:00,116.31,B
2025-01-15 15:00:00,97.11,C
2025-01-15 15:00:00,114.76,D
2025-01-15 16:00:00,92.54,A
2025-01-15 16:00:00,129.8,B
2025-01-15 16:00:00,104.12,C
2025-01-15 16:00:00,105.07,D
2025-01-15 17:00:00,105.18,A
2025-01-15 17:00:00,130.0,B
2025-01-15 17:00:00,112.09,C
2025-01-15 17:00:00,116.15,D
2025-01-15 18:00:00,124.24,A
2025-01-15 18:00:00,132.66,B
2025-01-15 18:00:00,115.13,C
2025-01-15 18:00:00,127.11,D
2025-01-15 19:00:00,116.23,A
2025-01-15 19:00:00,145.79,B
2025-01-15 19:00:00,112.14,C
2025-01-15 19:00:00,124.17,D
2025-01-15 20:00:00,119.72,A
2025-01-15 20:00:00,130.85,B
2025-01-15 20:00:00,109.56,C
2025-01-15 20:00:00,117.15,D
2025-01-15 21:00:00,117.03,A
2025-01-15 21:00:00,145.15,B
2025-01-15 21:00:00,100.68,C
2025-01-15 21:00:00,123.28,D
2025-01-15 22:00:00,116.06,A
2025-01-15 22:00:00,116.16,B
2025-01-15 22:00:00,91.23,C
2025-01-15 22:00:00,119.36,D
2025-01-15 23:00:00,105.05,A
2025-01-15 23:00:00,122.13,B
2025-01-15 23:00:00,86.01,C
2025-01-15 23:00:00,102.92,D
2025-01-16 00:00:00,107.86,A
2025-01-16 00:00:00,111.79,B
2025-01-16 00:00:00,84.82,C
2025-01-16 00:00:00,114.96,D
2025-01-16 01:00:00,85.04,A
2025-01-16 01:00:00,100.36,B
2025-01-16 01:00:00,87.2,C
2025-01-16 01:00:00,90.74,D
2025-01-16 02:00:00,97.03,B
2025-01-16 02:00:00,64.32,C
2025-01-16 02:00:00,87.63,D
2025-01-16 03:00:00,63.46,A
2025-01-16 03:00:00,75.77,B
2025-01-16 03:00:00,73.19,C
2025-01-16 03:00:00,79.64,D
2025-01-16 04:00:00,48.25,A
2025-01-16 04:00:00,77.63,B
2025-01-16 04:00:00,60.38,C
2025-01-16 04:00:00,84.76,D
2025-01-16 05:00:00,50.53,A
2025-01-16 05:00:00,67.35,B
2025-01-16 05:00:00,48.96,C
2025-01-16 05:00:00,66.9,D
2025-01-16 06:00:00,55.21,A
2025-01-16 06:00:00,65.4,B
2025-01-16 06:00:00,52.35,C
2025-01-16 06:00:00,68.42,D
2025-01-16 07:00:00,50.4,A
2025-01-16 07:00:00,64.47,B
2025-01-16 07:00:00,36.66,C
2025-01-16 07:00:00,66.0,D
2025-01-16 08:00:00,55.91,A
2025-01-16 08:00:00,64.12,B
2025-01-16 08:00:00,50.5,C
2025-01-16 08:00:00,70.77,D
2025-01-16 09:00:00,64.33,A
2025-01-16 09:00:00,67.59,B
2025-01-16 09:00:00,49.34,C
2025-01-16 09:00:00,58.83,D
2025-01-16 10:00:00,58.13,A
2025-01-16 10:00:00,84.83,B
2025-01-16 10:00:00,70.85,C
2025-01-16 10:00:00,62.36,D
2025-01-16 11:00:00,60.11,A
2025-01-16 11:00:00,86.42,B
2025-01-16 11:00:00,63.31,C
2025-01-16 11:00:00,80.5,D
2025-01-16 12:00:00,64.43,A
2025-01-16 12:00:00,92.84,B
2025-01-16 12:00:00,69.04,C
2025-01-16 12:00:00,86.06,D
2025-01-16 13:00:00,85.06,A
2025-01-16 13:00:00,108.49,B
2025-01-16 13:00:00,81.96,C
2025-01-16 13:00:00,95.39,D
2025-01-16 14:00:00,78.52,A
2025-01-16 14:00:00,111.81,B
2025-01-16 14:00:00,87.43,C
2025-01-16 14:00:00,100.51,D
2025-01-16 15:00:00,103.19,A
2025-01-16 15:00:00,116.52,B
2025-01-16 15:00:00,102.02,C
2025-01-16 15:00:00,115.48,D
2025-01-16 16:00:00,115.24,A
2025-01-16 16:00:00,115.02,B
2025-01-16 16:00:00,110.47,C
2025-01-16 16:00:00,118.09,D
2025-01-16 17:00:00,123.29,A
2025-01-16 17:00:00,131.99,B
2025-01-16 17:00:00,107.84,C
2025-01-16 17:00:00,120.83,D
2025-01-16 18:00:00,123.13,A
2025-01-16 18:00:00,132.19,B
2025-01-16 18:00:00,108.75,C
2025-01-16 18:00:00,125.74,D
2025-01-16 19:00:00,129.19,A
2025-01-16 19:00:00,136.46,B
2025-01-16 19:00:00,118.2,C
2025-01-16 19:00:00,133.65,D
2025-01-16 20:00:00,113.27,A
2025-01-16 20:00:00,119.93,B
2025-01-16 20:00:00,115.32,C
2025-01-16 20:00:00,121.54,D
2025-01-16 21:00:00,120.59,A
2025-01-16 21:00:00,124.59,B
2025-01-16 21:00:00,115.64,C
2025-01-16 21:00:00,124.38,D
2025-01-16 22:00:00,109.96,A
2025-01-16 22:00:00,119.88,B
2025-01-16 22:00:00,127.8,D
2025-01-16 23:00:00,109.55,A
2025-01-16 23:00:00,115.57,B
2025-01-16 23:00:00,95.99,C
2025-01-16 23:00:00,112.86,D
2025-01-17 00:00:00,99.02,A
2025-01-17 00:00:00,105.6,B
2025-01-17 00:00:00,85.22,C
2025-01-17 00:00:00,99.24,D
2025-01-17 01:00:00,85.97,A
2025-01-17 01:00:00,95.43,B
2025-01-17 01:00:00,79.68,C
2025-01-17 01:00:00,91.38,D
2025-01-17 02:00:00,70.58,A
2025-01-17 02:00:00,90.39,B
2025-01-17 02:00:00,54.54,C
2025-01-17 02:00:00,78.68,D
2025-01-17 03:00:00,58.79,A
2025-01-17 03:00:00,80.42,B
2025-01-17 03:00:00,59.01,C
2025-01-17 03:00:00,75.91,D
2025-01-17 04:00:00,65.65,A
2025-01-17 04:00:00,70.77,B
2025-01-17 04:00:00,50.74,C
2025-01-17 04:00:00,76.78,D
2025-01-17 05:00:00,54.08,A
2025-01-17 05:00:00,67.15,B
2025-01-17 05:00:00,48.76,C
2025-01-17 05:00:00,69.3,D
2025-01-17 06:00:00,57.25,A
2025-01-17 06:00:00,65.24,B
2025-01-17 06:00:00,42.53,C
2025-01-17 07:00:00,42.28,A
2025-01-17 07:00:00,64.32,B
2025-01-17 07:00:00,37.56,C
2025-01-17 07:00:00,53.34,D
2025-01-17 08:00:00,53.66,A
2025-01-17 08:00:00,84.05,B
2025-01-17 08:00:00,44.7,C
2025-01-17 08:00:00,59.72,D
2025-01-17 09:00:00,54.38,A
2025-01-17 09:00:00,63.79,B
2025-01-17 09:00:00,45.66,C
2025-01-17 09:00:00,72.85,D
2025-01-17 10:00:00,65.44,A
2025-01-17 10:00:00,87.08,B
2025-01-17 10:00:00,43.93,C
2025-01-17 11:00:00,58.52,A
2025-01-17 11:00:00,80.23,B
2025-01-17 11:00:00,62.36,C
2025-01-17 11:00:00,73.73,D
2025-01-17 12:00:00,77.46,A
2025-01-17 12:00:00,82.01,B
2025-01-17 12:00:00,77.72,C
2025-01-17 12:00:00,85.37,D
2025-01-17 13:00:00,96.67,A
2025-01-17 13:00:00,95.77,B
2025-01-17 13:00:00,88.58,C
2025-01-17 13:00:00,93.11,D
2025-01-17 14:00:00,87.65,A
2025-01-17 14:00:00,117.97,B
2025-01-17 14:00:00,92.05,C
2025-01-17 14:00:00,116.03,D
2025-01-17 15:00:00,104.82,A
2025-01-17 15:00:00,129.19,B
2025-01-17 15:00:00,105.66,C
2025-01-17 15:00:00,102.72,D
2025-01-17 16:00:00,115.5,A
2025-01-17 16:00:00,118.25,B
2025-01-17 16:00:00,104.14,C
2025-01-17 16:00:00,110.71,D
2025-01-17 17:00:00,122.72,A
2025-01-17 17:00:00,128.7,B
2025-01-17 17:00:00,120.9,C
2025-01-17 17:00:00,123.98,D
2025-01-17 18:00:00,116.84,A
2025-01-17 18:00:00,142.28,B
2025-01-17 18:00:00,115.1,C
2025-01-17 18:00:00,129.29,D
2025-01-17 19:00:00,116.52,A
2025-01-17 19:00:00,143.03,B
2025-01-17 19:00:00,119.05,C
2025-01-17 19:00:00,131.14,D
2025-01-17 20:00:00,118.52,A
2025-01-17 20:00:00,125.64,B
2025-01-17 20:00:00,117.09,C
2025-01-17 20:00:00,128.93,D
2025-01-17 21:00:00,113.26,A
2025-01-17 21:00:00,125.59,B
2025-01-17 21:00:00,107.51,C
2025-01-17 21:00:00,134.9,D
2025-01-17 22:00:00,108.75,A
2025-01-17 22:00:00,129.2,B
2025-01-17 22:00:00,106.7,C
2025-01-17 22:00:00,132.37,D
2025-01-17 23:00:00,104.23,A
2025-01-17 23:00:00,115.92,B
2025-01-17 23:00:00,85.18,C
2025-01-17 23:00:00,103.01,D
2025-01-18 00:00:00,83.83,A
2025-01-18 00:00:00,77.13,B
2025-01-18 00:00:00,69.47,C
2025-01-18 00:00:00,84.37,D
2025-01-18 01:00:00,64.55,A
2025-01-18 01:00:00,81.91,B
2025-01-18 01:00:00,61.97,C
2025-01-18 01:00:00,87.28,D
2025-01-18 02:00:00,58.05,A
2025-01-18 02:00:00,62.65,B
2025-01-18 02:00:00,55.86,C
2025-01-18 02:00:00,65.39,D
2025-01-18 03:00:00,53.16,A
2025-01-18 03:00:00,54.09,B
2025-01-18 03:00:00,35.03,C
2025-01-18 03:00:00,62.59,D
2025-01-18 04:00:00,47.12,A
2025-01-18 04:00:00,64.69,B
2025-01-18 04:00:00,33.74,C
2025-01-18 04:00:00,49.26,D
2025-01-18 05:00:00,40.58,A
2025-01-18 05:00:00,48.07,B
2025-01-18 05:00:00,16.84,C
2025-01-18 05:00:00,40.35,D
2025-01-18 06:00:00,29.1,A
2025-01-18 06:00:00,47.66,B
2025-01-18 06:00:00,31.4,C
2025-01-18 06:00:00,41.84,D
2025-01-18 07:00:00,35.47,A
2025-01-18 07:00:00,45.71,B
2025-01-18 07:00:00,23.75,C
2025-01-18 07:00:00,35.89,D
2025-01-18 08:00:00,30.92,A
2025-01-18 08:00:00,47.05,B
2025-01-18 08:00:00,34.77,C
2025-01-18 08:00:00,32.48,D
2025-01-18 09:00:00,29.74,A
2025-01-18 09:00:00,41.96,B
2025-01-18 09:00:00,43.8,C
2025-01-18 09:00:00,42.98,D
2025-01-18 10:00:00,51.36,A
2025-01-18 10:00:00,35.91,C
2025-01-18 10:00:00,55.03,D
2025-01-18 11:00:00,43.55,A
2025-01-18 11:00:00,64.64,B
2025-01-18 11:00:00,41.71,C
2025-01-18 11:00:00,57.59,D
2025-01-18 12:00:00,67.19,A
2025-01-18 12:00:00,79.82,B
2025-01-18 12:00:00,49.58,C
2025-01-18 12:00:00,59.71,D
2025-01-18 13:00:00,77.86,A
2025-01-18 13:00:00,88.2,B
2025-01-18 13:00:00,58.59,C
2025-01-18 13:00:00,71.13,D
2025-01-18 14:00:00,71.42,A
2025-01-18 14:00:00,94.81,B
2025-01-18 14:00:00,70.82,C
2025-01-18 14:00:00,89.14,D
2025-01-18 15:00:00,95.26,A
2025-01-18 15:00:00,91.26,B
2025-01-18 15:00:00,82.76,C
2025-01-18 15:00:00,107.08,D
2025-01-18 16:00:00,89.7,A
2025-01-18 16:00:00,100.27,B
2025-01-18 16:00:00,76.33,C
2025-01-18 16:00:00,98.02,D
2025-01-18 17:00:00,94.6,A
2025-01-18 17:00:00,118.76,B
2025-01-18 17:00:00,91.72,C
2025-01-18 17:00:00,111.13,D
2025-01-18 18:00:00,97.72,A
2025-01-18 18:00:00,115.63,B
2025-01-18 18:00:00,96.76,C
2025-01-18 18:00:00,107.26,D
2025-01-18 19:00:00,107.67,A
2025-01-18 19:00:00,110.32,B
2025-01-18 19:00:00,99.55,C
2025-01-18 19:00:00,112.24,D
2025-01-18 20:00:00,82.58,A
2025-01-18 20:00:00,123.59,B
2025-01-18 20:00:00,103.34,C
2025-01-18 20:00:00,122.28,D
2025-01-18 21:00:00,95.73,A
2025-01-18 21:00:00,115.35,B
2025-01-18 21:00:00,88.95,C
2025-01-18 22:00:00,81.66,A
2025-01-18 22:00:00,105.51,B
2025-01-18 22:00:00,91.67,C
2025-01-18 22:00:00,99.63,D
2025-01-18 23:00:00,85.2,A
2025-01-18 23:00:00,92.43,B
2025-01-18 23:00:00,73.45,C
2025-01-18 23:00:00,85.89,D
2025-01-19 00:00:00,80.22,A
2025-01-19 00:00:00,103.94,B
2025-01-19 00:00:00,61.33,C
2025-01-19 00:00:00,81.05,D
2025-01-19 01:00:00,62.51,A
2025-01-19 01:00:00,83.28,B
2025-01-19 01:00:00,53.64,C
2025-01-19 01:00:00,81.93,D
2025-01-19 02:00:00,58.81,A
2025-01-19 02:00:00,80.19,B
2025-01-19 02:00:00,64.72,C
2025-01-19 02:00:00,72.54,D
2025-01-19 03:00:00,35.42,A
2025-01-19 03:00:00,74.89,B
2025-01-19 03:00:00,43.22,C
2025-01-19 03:00:00,62.28,D
2025-01-19 04:00:00,45.66,A
2025-01-19 04:00:00,60.49,B
2025-01-19 04:00:00,49.11,C
2025-01-19 04:00:00,42.8,D
2025-01-19 05:00:00,35.07,A
2025-01-19 05:00:00,51.94,B
2025-01-19 05:00:00,35.91,C
2025-01-19 05:00:00,53.23,D
2025-01-19 06:00:00,31.24,A
2025-01-19 06:00:00,47.19,B
2025-01-19 06:00:00,19.51,C
2025-01-19 06:00:00,39.6,D
2025-01-19 07:00:00,32.3,A
2025-01-19 07:00:00,56.0,B
2025-01-19 07:00:00,34.79,C
2025-01-19 07:00:00,43.23,D
2025-01-19 08:00:00,34.0,A
2025-01-19 08:00:00,15.33,C
2025-01-19 08:00:00,55.35,D
2025-01-19 09:00:00,52.4,A
2025-01-19 09:00:00,48.29,B
2025-01-19 09:00:00,40.71,C
2025-01-19 09:00:00,46.9,D
2025-01-19 10:00:00,40.1,A
2025-01-19 10:00:00,57.59,B
2025-01-19 10:00:00,44.39,C
2025-01-19 10:00:00,38.63,D
2025-01-19 11:00:00,54.57,A
2025-01-19 11:00:00,64.29,B
2025-01-19 11:00:00,38.27,C
2025-01-19 11:00:00,49.44,D
2025-01-19 12:00:00,56.87,A
2025-01-19 12:00:00,72.16,B
2025-01-19 12:00:00,55.5,C
2025-01-19 12:00:00,70.06,D
2025-01-19 13:00:00,70.69,A
2025-01-19 13:00:00,83.04,B
2025-01-19 13:00:00,52.17,C
2025-01-19 13:00:00,79.16,D
2025-01-19 14:00:00,71.48,A
2025-01-19 14:00:00,87.76,B
2025-01-19 14:00:00,90.87,C
2025-01-19 14:00:00,88.63,D
2025-01-19 15:00:00,91.8,A
2025-01-19 15:00:00,100.36,B
2025-01-19 15:00:00,90.36,C
2025-01-19 15:00:00,99.65,D
2025-01-19 16:00:00,83.59,A
2025-01-19 16:00:00,117.54,B
2025-01-19 16:00:00,85.94,C
2025-01-19 16:00:00,101.31,D
2025-01-19 17:00:00,98.58,A
2025-01-19 17:00:00,115.98,B
2025-01-19 17:00:00,88.64,C
2025-01-19 17:00:00,111.62,D
2025-01-19 18:00:00,105.94,A
2025-01-19 18:00:00,120.29,B
2025-01-19 18:00:00,111.3,D
2025-01-19 19:00:00,92.66,A
2025-01-19 19:00:00,96.54,C
2025-01-19 19:00:00,106.8,D
2025-01-19 20:00:00,94.12,A
2025-01-19 20:00:00,111.79,B
2025-01-19 20:00:00,98.14,C
2025-01-19 20:00:00,117.88,D
2025-01-19 21:00:00,109.35,B
2025-01-19 21:00:00,86.54,C
2025-01-19 21:00:00,104.51,D
2025-01-19 22:00:00,95.13,A
2025-01-19 22:00:00,109.32,B
2025-01-19 22:00:00,83.56,C
2025-01-19 22:00:00,105.49,D
2025-01-19 23:00:00,78.86,A
2025-01-19 23:00:00,96.86,B
2025-01-19 23:00:00,87.04,C
2025-01-19 23:00:00,94.8,D
2025-01-20 00:00:00,91.65,A
2025-01-20 00:00:00,106.53,B
2025-01-20 00:00:00,88.29,C
2025-01-20 00:00:00,103.43,D
2025-01-20 01:00:00,84.05,A
2025-01-20 01:00:00,100.0,B
2025-01-20 01:00:00,76.04,C
2025-01-20 01:00:00,93.85,D
2025-01-20 02:00:00,68.66,A
2025-01-20 02:00:00,96.76,B
2025-01-20 02:00:00,70.27,C
2025-01-20 02:00:00,99.85,D
2025-01-20 03:00:00,69.78,A
2025-01-20 03:00:00,70.3,B
2025-01-20 03:00:00,69.16,C
2025-01-20 03:00:00,74.35,D
2025-01-20 04:00:00,55.81,A
2025-01-20 04:00:00,71.75,B
2025-01-20 04:00:00,51.42,C
2025-01-20 04:00:00,76.6,D
2025-01-20 05:00:00,47.24,A
2025-01-20 05:00:00,40.55,C
2025-01-20 05:00:00,62.09,D
2025-01-20 06:00:00,45.66,A
2025-01-20 06:00:00,67.42,B
2025-01-20 06:00:00,37.08,C
2025-01-20 06:00:00,60.22,D
2025-01-20 07:00:00,32.33,A
2025-01-20 07:00:00,65.39,B
2025-01-20 07:00:00,48.8,C
2025-01-20 07:00:00,53.47,D
2025-01-20 08:00:00,51.37,A
2025-01-20 08:00:00,56.45,B
2025-01-20 08:00:00,48.09,C
2025-01-20 08:00:00,58.15,D
2025-01-20 09:00:00,48.46,A
2025-01-20 09:00:00,66.08,B
2025-01-20 09:00:00,51.78,C
2025-01-20 09:00:00,56.95,D
2025-01-20 10:00:00,68.01,A
2025-01-20 10:00:00,70.74,B
2025-01-20 10:00:00,50.33,C
2025-01-20 10:00:00,68.88,D
2025-01-20 11:00:00,62.65,A
2025-01-20 11:00:00,77.66,B
2025-01-20 11:00:00,68.79,C
2025-01-20 11:00:00,80.25,D
2025-01-20 12:00:00,73.62,A
2025-01-20 12:00:00,88.89,B
2025-01-20 12:00:00,61.89,C
2025-01-20 12:00:00,83.65,D
2025-01-20 13:00:00,85.32,A
2025-01-20 13:00:00,94.58,B
2025-01-20 13:00:00,67.91,C
2025-01-20 13:00:00,89.13,D
2025-01-20 14:00:00,77.17,A
2025-01-20 14:00:00,110.26,B
2025-01-20 14:00:00,90.59,C
2025-01-20 14:00:00,105.85,D
2025-01-20 15:00:00,120.14,A
2025-01-20 15:00:00,118.39,B
2025-01-20 15:00:00,88.63,C
2025-01-20 15:00:00,110.26,D
2025-01-20 16:00:00,109.49,A
2025-01-20 16:00:00,127.71,B
2025-01-20 16:00:00,108.21,C
2025-01-20 16:00:00,119.66,D
2025-01-20 17:00:00,121.85,A
2025-01-20 17:00:00,132.58,B
2025-01-20 17:00:00,93.65,C
2025-01-20 17:00:00,128.1,D
2025-01-20 18:00:00,124.45,A
2025-01-20 18:00:00,130.0,B
2025-01-20 18:00:00,117.04,C
2025-01-20 18:00:00,121.91,D
2025-01-20 19:00:00,120.46,A
2025-01-20 19:00:00,125.05,B
2025-01-20 19:00:00,119.05,C
2025-01-20 19:00:00,128.9,D
2025-01-20 20:00:00,125.71,A
2025-01-20 20:00:00,137.74,B
2025-01-20 20:00:00,111.22,C
2025-01-20 20:00:00,135.99,D
2025-01-20 21:00:00,111.96,A
2025-01-20 21:00:00,126.36,B
2025-01-20 21:00:00,115.01,C
2025-01-20 21:00:00,123.99,D
2025-01-20 22:00:00,107.85,A
2025-01-20 22:00:00,112.39,B
2025-01-20 22:00:00,85.68,C
2025-01-20 22:00:00,109.51,D
2025-01-20 23:00:00,122.89,B
2025-01-20 23:00:00,95.64,C
2025-01-20 23:00:00,107.27,D
2025-01-21 00:00:00,91.16,A
2025-01-21 00:00:00,111.08,B
2025-01-21 00:00:00,87.17,C
2025-01-21 00:00:00,91.7,D
2025-01-21 01:00:00,80.18,A
2025-01-21 01:00:00,105.9,B
2025-01-21 01:00:00,75.86,C
2025-01-21 01:00:00,97.75,D
2025-01-21 02:00:00,83.64,A
2025-01-21 02:00:00,85.56,B
2025-01-21 02:00:00,65.43,C
2025-01-21 02:00:00,77.82,D
2025-01-21 03:00:00,70.22,A
2025-01-21 03:00:00,74.82,B
2025-01-21 03:00:00,59.57,C
2025-01-21 03:00:00,75.55,D
2025-01-21 04:00:00,44.27,A
2025-01-21 04:00:00,72.72,B
2025-01-21 04:00:00,59.2,C
2025-01-21 04:00:00,72.81,D
2025-01-21 05:00:00,54.32,A
2025-01-21 05:00:00,62.8,B
2025-01-21 05:00:00,45.05,C
2025-01-21 05:00:00,66.39,D
2025-01-21 06:00:00,65.33,A
2025-01-21 06:00:00,58.55,B
2025-01-21 06:00:00,44.63,C
2025-01-21 06:00:00,62.1,D
2025-01-21 07:00:00,47.86,A
2025-01-21 07:00:00,61.38,B
2025-01-21 07:00:00,50.86,C
2025-01-21 07:00:00,51.65,D
2025-01-21 08:00:00,50.71,A
2025-01-21 08:00:00,67.28,B
2025-01-21 08:00:00,47.85,C
2025-01-21 08:00:00,54.42,D
2025-01-21 09:00:00,47.14,A
2025-01-21 09:00:00,68.47,B
2025-01-21 09:00:00,52.55,C
2025-01-21 09:00:00,62.37,D
2025-01-21 10:00:00,59.14,A
2025-01-21 10:00:00,59.76,B
2025-01-21 10:00:00,52.93,C
2025-01-21 10:00:00,64.56,D
2025-01-21 11:00:00,67.36,A
2025-01-21 11:00:00,81.41,B
2025-01-21 11:00:00,59.92,C
2025-01-21 11:00:00,82.49,D
2025-01-21 12:00:00,74.62,A
2025-01-21 12:00:00,86.39,B
2025-01-21 12:00:00,69.73,C
2025-01-21 12:00:00,89.04,D
2025-01-21 13:00:00,75.53,A
2025-01-21 13:00:00,102.56,B
2025-01-21 13:00:00,78.8,C
2025-01-21 13:00:00,90.95,D
2025-01-21 14:00:00,88.43,A
2025-01-21 14:00:00,112.33,B
2025-01-21 14:00:00,91.33,C
2025-01-21 14:00:00,94.42,D
2025-01-21 15:00:00,101.21,A
2025-01-21 15:00:00,123.02,B
2025-01-21 15:00:00,91.35,C
2025-01-21 15:00:00,101.28,D
2025-01-21 16:00:00,105.33,A
2025-01-21 16:00:00,125.64,B
2025-01-21 16:00:00,107.13,C
2025-01-21 16:00:00,123.19,D
2025-01-21 17:00:00,114.0,A
2025-01-21 17:00:00,131.04,B
2025-01-21 17:00:00,106.77,C
2025-01-21 17:00:00,114.13,D
2025-01-21 18:00:00,112.71,A
2025-01-21 18:00:00,142.19,B
2025-01-21 18:00:00,130.4,D
2025-01-21 19:00:00,120.97,A
2025-01-21 19:00:00,134.7,B
2025-01-21 19:00:00,113.39,C
2025-01-21 19:00:00,128.41,D
2025-01-21 20:00:00,119.64,A
2025-01-21 20:00:00,140.05,B
2025-01-21 20:00:00,119.93,C
2025-01-21 20:00:00,124.93,D
2025-01-21 21:00:00,117.66,A
2025-01-21 21:00:00,136.03,B
2025-01-21 21:00:00,118.5,C
2025-01-21 21:00:00,119.5,D
2025-01-21 22:00:00,111.82,A
2025-01-21 22:00:00,124.8,B
2025-01-21 22:00:00,108.63,C
2025-01-21 22:00:00,108.81,D
2025-01-21 23:00:00,107.93,A
2025-01-21 23:00:00,122.34,B
2025-01-21 23:00:00,98.57,C
2025-01-21 23:00:00,116.62,D
2025-01-22 00:00:00,94.74,A
2025-01-22 00:00:00,103.96,B
2025-01-22 00:00:00,90.32,C
2025-01-22 00:00:00,96.25,D
2025-01-22 01:00:00,79.31,A
2025-01-22 01:00:00,92.77,B
2025-01-22 01:00:00,86.05,C
2025-01-22 01:00:00,86.53,D
2025-01-22 02:00:00,73.37,A
2025-01-22 02:00:00,86.44,B
2025-01-22 02:00:00,69.55,C
2025-01-22 02:00:00,95.32,D
2025-01-22 03:00:00,63.11,A
2025-01-22 03:00:00,76.21,B
2025-01-22 03:00:00,65.57,C
2025-01-22 03:00:00,73.4,D
2025-01-22 04:00:00,64.12,A
2025-01-22 04:00:00,69.83,B
2025-01-22 04:00:00,49.06,C
2025-01-22 04:00:00,67.7,D
2025-01-22 05:00:00,45.67,A
2025-01-22 05:00:00,67.67,B
2025-01-22 05:00:00,48.16,C
2025-01-22 05:00:00,61.93,D
2025-01-22 06:00:00,46.45,A
2025-01-22 06:00:00,74.41,B
2025-01-22 06:00:00,37.96,C
2025-01-22 06:00:00,64.14,D
2025-01-22 07:00:00,44.61,A
2025-01-22 07:00:00,62.75,B
2025-01-22 07:00:00,42.53,C
2025-01-22 07:00:00,69.73,D
2025-01-22 08:00:00,53.27,A
2025-01-22 08:00:00,61.55,B
2025-01-22 08:00:00,51.54,C
2025-01-22 08:00:00,56.11,D
2025-01-22 09:00:00,47.9,A
2025-01-22 09:00:00,76.01,B
2025-01-22 09:00:00,48.4,C
2025-01-22 09:00:00,62.49,D
2025-01-22 10:00:00,64.39,A
2025-01-22 10:00:00,71.43,B
2025-01-22 10:00:00,57.42,C
2025-01-22 10:00:00,60.82,D
2025-01-22 11:00:00,59.14,A
2025-01-22 11:00:00,75.21,B
2025-01-22 11:00:00,63.6,C
2025-01-22 11:00:00,85.04,D
2025-01-22 12:00:00,78.09,A
2025-01-22 12:00:00,85.2,B
2025-01-22 12:00:00,70.81,C
2025-01-22 12:00:00,86.3,D
2025-01-22 13:00:00,100.23,A
2025-01-22 13:00:00,102.39,B
2025-01-22 13:00:00,85.49,C
2025-01-22 13:00:00,91.86,D
2025-01-22 14:00:00,88.86,A
2025-01-22 14:00:00,110.58,B
2025-01-22 14:00:00,86.61,C
2025-01-22 14:00:00,112.16,D
2025-01-22 15:00:00,92.83,A
2025-01-22 15:00:00,119.32,B
2025-01-22 15:00:00,87.73,C
2025-01-22 15:00:00,114.98,D
2025-01-22 16:00:00,112.64,A
2025-01-22 16:00:00,122.59,B
2025-01-22 16:00:00,92.32,C
2025-01-22 16:00:00,122.5,D
2025-01-22 17:00:00,121.02,A
2025-01-22 17:00:00,128.44,B
2025-01-22 17:00:00,99.7,C
2025-01-22 17:00:00,133.04,D
2025-01-22 18:00:00,122.54,A
2025-01-22 18:00:00,124.91,B
2025-01-22 18:00:00,107.97,C
2025-01-22 18:00:00,113.19,D
2025-01-22 19:00:00,120.47,A
2025-01-22 19:00:00,127.85,B
2025-01-22 19:00:00,116.42,C
2025-01-22 19:00:00,125.88,D
2025-01-22 20:00:00,116.24,A
2025-01-22 20:00:00,134.51,B
2025-01-22 20:00:00,113.62,C
2025-01-22 21:00:00,111.15,A
2025-01-22 21:00:00,135.97,B
2025-01-22 21:00:00,106.66,C
2025-01-22 21:00:00,127.81,D
2025-01-22 22:00:00,114.07,A
2025-01-22 22:00:00,122.39,B
2025-01-22 22:00:00,109.6,C
2025-01-22 22:00:00,121.0,D
2025-01-22 23:00:00,97.0,A
2025-01-22 23:00:00,115.17,B
2025-01-22 23:00:00,98.06,C
2025-01-23 00:00:00,84.68,A
2025-01-23 00:00:00,119.7,B
2025-01-23 00:00:00,94.04,C
2025-01-23 00:00:00,99.58,D
2025-01-23 01:00:00,87.87,A
2025-01-23 01:00:00,102.22,B
2025-01-23 01:00:00,73.85,C
2025-01-23 01:00:00,86.57,D
2025-01-23 02:00:00,73.17,A
2025-01-23 02:00:00,90.1,B
2025-01-23 02:00:00,70.69,C
2025-01-23 02:00:00,91.36,D
2025-01-23 03:00:00,71.99,A
2025-01-23 03:00:00,93.13,B
2025-01-23 03:00:00,70.01,C
2025-01-23 03:00:00,80.91,D
2025-01-23 04:00:00,56.91,A
2025-01-23 04:00:00,70.13,B
2025-01-23 04:00:00,59.39,C
2025-01-23 04:00:00,57.42,D
2025-01-23 05:00:00,52.1,A
2025-01-23 05:00:00,52.15,C
2025-01-23 05:00:00,67.66,D
2025-01-23 06:00:00,58.7,A
2025-01-23 06:00:00,60.15,B
2025-01-23 06:00:00,41.87,C
2025-01-23 06:00:00,72.86,D
2025-01-23 07:00:00,54.64,A
2025-01-23 07:00:00,70.2,B
2025-01-23 07:00:00,40.88,C
2025-01-23 07:00:00,59.86,D
2025-01-23 08:00:00,38.96,A
2025-01-23 08:00:00,64.97,B
2025-01-23 08:00:00,54.61,C
2025-01-23 08:00:00,69.82,D
2025-01-23 09:00:00,53.74,A
2025-01-23 09:00:00,67.05,B
2025-01-23 09:00:00,47.42,C
2025-01-23 09:00:00,62.22,D
2025-01-23 10:00:00,56.76,A
2025-01-23 10:00:00,68.13,B
2025-01-23 10:00:00,66.96,C
2025-01-23 10:00:00,65.81,D
2025-01-23 11:00:00,59.47,A
2025-01-23 11:00:00,85.69,B
2025-01-23 11:00:00,57.65,C
2025-01-23 11:00:00,68.97,D
2025-01-23 12:00:00,79.81,A
2025-01-23 12:00:00,99.91,B
2025-01-23 12:00:00,66.02,C
2025-01-23 12:00:00,73.51,D
2025-01-23 13:00:00,76.81,A
2025-01-23 13:00:00,89.21,B
2025-01-23 13:00:00,82.4,C
2025-01-23 13:00:00,97.69,D
2025-01-23 14:00:00,101.69,A
2025-01-23 14:00:00,114.4,B
2025-01-23 14:00:00,86.93,C
2025-01-23 14:00:00,101.45,D
2025-01-23 15:00:00,98.85,A
2025-01-23 15:00:00,119.64,B
2025-01-23 15:00:00,90.4,C
2025-01-23 15:00:00,109.29,D
2025-01-23 16:00:00,104.72,A
2025-01-23 16:00:00,120.47,B
2025-01-23 16:00:00,102.04,C
2025-01-23 16:00:00,121.77,D
2025-01-23 17:00:00,104.9,A
2025-01-23 17:00:00,142.63,B
2025-01-23 17:00:00,111.22,C
2025-01-23 17:00:00,121.95,D
2025-01-23 18:00:00,141.33,B
2025-01-23 18:00:00,109.05,C
2025-01-23 18:00:00,130.71,D
2025-01-23 19:00:00,130.41,A
2025-01-23 19:00:00,129.39,B
2025-01-23 19:00:00,118.77,C
2025-01-23 19:00:00,125.7,D
2025-01-23 20:00:00,114.36,A
2025-01-23 20:00:00,132.38,B
2025-01-23 20:00:00,109.73,C
2025-01-23 20:00:00,133.15,D
2025-01-23 21:00:00,111.95,A
2025-01-23 21:00:00,131.44,B
2025-01-23 21:00:00,118.74,C
2025-01-23 21:00:00,134.01,D
2025-01-23 22:00:00,112.93,A
2025-01-23 22:00:00,128.23,B
2025-01-23 22:00:00,102.19,C
2025-01-23 22:00:00,116.22,D
2025-01-23 23:00:00,100.55,A
2025-01-23 23:00:00,108.56,B
2025-01-23 23:00:00,95.05,C
2025-01-23 23:00:00,102.15,D
2025-01-24 00:00:00,116.1,B
2025-01-24 00:00:00,80.57,C
2025-01-24 00:00:00,92.61,D
2025-01-24 01:00:00,85.8,A
2025-01-24 01:00:00,107.28,B
2025-01-24 01:00:00,85.86,C
2025-01-24 01:00:00,96.23,D
2025-01-24 02:00:00,86.68,A
2025-01-24 02:00:00,89.25,B
2025-01-24 02:00:00,77.78,C
2025-01-24 02:00:00,89.76,D
2025-01-24 03:00:00,62.95,A
2025-01-24 03:00:00,54.86,C
2025-01-24 03:00:00,85.39,D
2025-01-24 04:00:00,64.04,A
2025-01-24 04:00:00,81.5,B
2025-01-24 04:00:00,53.04,C
2025-01-24 04:00:00,63.53,D
2025-01-24 05:00:00,45.47,A
2025-01-24 05:00:00,71.23,B
2025-01-24 05:00:00,54.51,C
2025-01-24 05:00:00,62.19,D
2025-01-24 06:00:00,47.88,A
2025-01-24 06:00:00,60.5,B
2025-01-24 06:00:00,49.98,C
2025-01-24 06:00:00,51.14,D
2025-01-24 07:00:00,43.23,A
2025-01-24 07:00:00,73.96,B
2025-01-24 07:00:00,30.09,C
2025-01-24 07:00:00,56.24,D
2025-01-24 08:00:00,48.4,A
2025-01-24 08:00:00,66.83,B
2025-01-24 08:00:00,44.15,C
2025-01-24 08:00:00,50.33,D
2025-01-24 09:00:00,53.5,A
2025-01-24 09:00:00,69.39,B
2025-01-24 09:00:00,36.07,C
2025-01-24 09:00:00,59.56,D
2025-01-24 10:00:00,56.01,A
2025-01-24 10:00:00,82.26,B
2025-01-24 10:00:00,53.75,C
2025-01-24 10:00:00,74.08,D
2025-01-24 11:00:00,50.75,A
2025-01-24 11:00:00,70.85,B
2025-01-24 11:00:00,70.28,C
2025-01-24 11:00:00,69.78,D
2025-01-24 12:00:00,81.3,A
2025-01-24 12:00:00,82.97,B
2025-01-24 12:00:00,72.55,C
2025-01-24 12:00:00,80.06,D
2025-01-24 13:00:00,86.82,A
2025-01-24 13:00:00,105.85,B
2025-01-24 13:00:00,71.53,C
2025-01-24 13:00:00,90.38,D
2025-01-24 14:00:00,104.42,A
2025-01-24 14:00:00,103.1,B
2025-01-24 14:00:00,86.79,C
2025-01-24 14:00:00,106.35,D
2025-01-24 15:00:00,103.9,A
2025-01-24 15:00:00,122.31,B
2025-01-24 15:00:00,92.49,C
2025-01-24 15:00:00,108.37,D
2025-01-24 16:00:00,97.98,A
2025-01-24 16:00:00,113.77,B
2025-01-24 16:00:00,95.96,C
2025-01-24 16:00:00,119.3,D
2025-01-24 17:00:00,108.8,A
2025-01-24 17:00:00,131.29,B
2025-01-24 17:00:00,111.86,C
2025-01-24 17:00:00,115.56,D
2025-01-24 18:00:00,119.65,A
2025-01-24 18:00:00,120.43,B
2025-01-24 18:00:00,108.38,C
2025-01-24 18:00:00,130.08,D
2025-01-24 19:00:00,116.14,A
2025-01-24 19:00:00,132.83,B
2025-01-24 19:00:00,107.4,C
2025-01-24 19:00:00,117.34,D
2025-01-24 20:00:00,110.76,A
2025-01-24 20:00:00,134.8,B
2025-01-24 20:00:00,115.09,C
2025-01-24 20:00:00,128.47,D
2025-01-24 21:00:00,120.56,A
2025-01-24 21:00:00,102.42,C
2025-01-24 21:00:00,122.93,D
2025-01-24 22:00:00,103.56,A
2025-01-24 22:00:00,117.86,B
2025-01-24 22:00:00,106.61,C
2025-01-24 22:00:00,114.46,D
2025-01-24 23:00:00,102.49,A
2025-01-24 23:00:00,110.19,B
2025-01-24 23:00:00,94.1,C
2025-01-24 23:00:00,121.77,D
2025-01-25 00:00:00,66.84,A
2025-01-25 00:00:00,98.11,B
2025-01-25 00:00:00,71.27,C
2025-01-25 00:00:00,82.35,D
2025-01-25 01:00:00,78.16,A
2025-01-25 01:00:00,68.05,B
2025-01-25 01:00:00,64.13,C
2025-01-25 01:00:00,76.36,D
2025-01-25 02:00:00,65.04,A
2025-01-25 02:00:00,91.66,B
2025-01-25 02:00:00,59.58,C
2025-01-25 02:00:00,63.87,D
2025-01-25 03:00:00,62.93,A
2025-01-25 03:00:00,54.59,B
2025-01-25 03:00:00,31.64,C
2025-01-25 03:00:00,58.46,D
2025-01-25 04:00:00,33.95,A
2025-01-25 04:00:00,48.47,B
2025-01-25 04:00:00,39.73,C
2025-01-25 04:00:00,40.9,D
2025-01-25 05:00:00,35.99,A
2025-01-25 05:00:00,57.3,B
2025-01-25 05:00:00,25.49,C
2025-01-25 05:00:00,49.45,D
2025-01-25 06:00:00,26.39,A
2025-01-25 06:00:00,46.07,B
2025-01-25 06:00:00,31.91,C
2025-01-25 06:00:00,43.62,D
2025-01-25 07:00:00,20.14,A
2025-01-25 07:00:00,47.26,B
2025-01-25 07:00:00,23.02,C
2025-01-25 07:00:00,36.42,D
2025-01-25 08:00:00,29.69,A
2025-01-25 08:00:00,46.58,B
2025-01-25 08:00:00,22.9,C
2025-01-25 08:00:00,42.55,D
2025-01-25 09:00:00,33.87,A
2025-01-25 09:00:00,47.59,B
2025-01-25 09:00:00,48.76,C
2025-01-25 09:00:00,42.03,D
2025-01-25 10:00:00,37.51,A
2025-01-25 10:00:00,55.52,B
2025-01-25 10:00:00,48.46,C
2025-01-25 10:00:00,53.08,D
2025-01-25 11:00:00,39.58,A
2025-01-25 11:00:00,69.57,B
2025-01-25 11:00:00,59.6,D
2025-01-25 12:00:00,66.37,A
2025-01-25 12:00:00,63.08,B
2025-01-25 12:00:00,46.03,C
2025-01-25 12:00:00,69.74,D
2025-01-25 13:00:00,59.31,A
2025-01-25 13:00:00,93.43,B
2025-01-25 13:00:00,56.76,C
2025-01-25 13:00:00,76.26,D
2025-01-25 14:00:00,74.78,A
2025-01-25 14:00:00,81.78,B
2025-01-25 14:00:00,63.52,C
2025-01-25 14:00:00,77.71,D
2025-01-25 15:00:00,102.4,B
2025-01-25 15:00:00,76.72,C
2025-01-25 15:00:00,103.6,D
2025-01-25 16:00:00,92.08,A
2025-01-25 16:00:00,112.87,B
2025-01-25 16:00:00,82.03,C
2025-01-25 16:00:00,99.46,D
2025-01-25 17:00:00,98.85,A
2025-01-25 17:00:00,104.62,B
2025-01-25 17:00:00,96.0,C
2025-01-25 17:00:00,106.54,D
2025-01-25 18:00:00,100.06,A
2025-01-25 18:00:00,120.73,B
2025-01-25 18:00:00,93.41,C
2025-01-25 18:00:00,109.05,D
2025-01-25 19:00:00,97.87,A
2025-01-25 19:00:00,114.1,B
2025-01-25 19:00:00,99.1,C
2025-01-25 19:00:00,115.15,D
2025-01-25 20:00:00,99.42,A
2025-01-25 20:00:00,118.99,B
2025-01-25 20:00:00,109.24,C
2025-01-25 20:00:00,112.55,D
2025-01-25 21:00:00,112.84,A
2025-01-25 21:00:00,108.83,B
2025-01-25 21:00:00,89.13,C
2025-01-25 21:00:00,110.16,D
2025-01-25 22:00:00,94.88,A
2025-01-25 22:00:00,104.58,B
2025-01-25 22:00:00,91.6,C
2025-01-25 22:00:00,89.26,D
2025-01-25 23:00:00,87.25,A
2025-01-25 23:00:00,99.43,B
2025-01-25 23:00:00,85.25,C
2025-01-25 23:00:00,93.46,D
2025-01-26 00:00:00,74.98,A
2025-01-26 00:00:00,94.18,B
2025-01-26 00:00:00,75.25,C
2025-01-26 00:00:00,85.88,D
2025-01-26 01:00:00,69.9,A
2025-01-26 01:00:00,82.55,B
2025-01-26 01:00:00,78.02,D
2025-01-26 02:00:00,58.13,A
2025-01-26 02:00:00,55.29,C
2025-01-26 02:00:00,67.1,D
2025-01-26 03:00:00,40.43,A
2025-01-26 03:00:00,66.96,B
2025-01-26 03:00:00,53.38,C
2025-01-26 03:00:00,68.39,D
2025-01-26 04:00:00,38.14,A
2025-01-26 04:00:00,58.05,B
2025-01-26 04:00:00,31.78,C
2025-01-26 04:00:00,57.15,D
2025-01-26 05:00:00,34.86,A
2025-01-26 05:00:00,50.32,B
2025-01-26 05:00:00,31.01,C
2025-01-26 05:00:00,52.73,D
2025-01-26 06:00:00,29.74,A
2025-01-26 06:00:00,53.11,B
2025-01-26 06:00:00,27.0,C
2025-01-26 06:00:00,52.68,D
2025-01-26 07:00:00,23.77,A
2025-01-26 07:00:00,44.87,B
2025-01-26 07:00:00,30.06,C
2025-01-26 07:00:00,46.21,D
2025-01-26 08:00:00,24.79,A
2025-01-26 08:00:00,22.34,C
2025-01-26 08:00:00,42.89,D
2025-01-26 09:00:00,24.58,A
2025-01-26 09:00:00,56.28,B
2025-01-26 09:00:00,21.05,C
2025-01-26 09:00:00,41.05,D
2025-01-26 10:00:00,47.62,A
2025-01-26 10:00:00,37.93,B
2025-01-26 10:00:00,35.26,C
2025-01-26 10:00:00,58.04,D
2025-01-26 11:00:00,41.79,A
2025-01-26 11:00:00,67.41,B
2025-01-26 11:00:00,33.83,C
2025-01-26 11:00:00,47.7,D
2025-01-26 12:00:00,46.17,A
2025-01-26 12:00:00,61.4,B
2025-01-26 12:00:00,51.66,C
2025-01-26 12:00:00,65.93,D
2025-01-26 13:00:00,67.54,A
2025-01-26 13:00:00,71.3,B
2025-01-26 13:00:00,57.14,C
2025-01-26 13:00:00,67.17,D
2025-01-26 14:00:00,74.53,A
2025-01-26 14:00:00,108.62,B
2025-01-26 14:00:00,62.16,C
2025-01-26 14:00:00,84.48,D
2025-01-26 15:00:00,82.27,A
2025-01-26 15:00:00,97.16,B
2025-01-26 15:00:00,68.35,C
2025-01-26 15:00:00,96.91,D
2025-01-26 16:00:00,81.0,A
2025-01-26 16:00:00,108.66,B
2025-01-26 16:00:00,81.32,C
2025-01-26 16:00:00,102.21,D
2025-01-26 17:00:00,100.57,A
2025-01-26 17:00:00,108.56,B
2025-01-26 17:00:00,96.44,C
2025-01-26 17:00:00,95.73,D
2025-01-26 18:00:00,93.71,A
2025-01-26 18:00:00,110.49,B
2025-01-26 18:00:00,95.06,C
2025-01-26 19:00:00,100.59,A
2025-01-26 19:00:00,107.49,B
2025-01-26 19:00:00,95.83,C
2025-01-26 19:00:00,118.58,D
2025-01-26 20:00:00,111.29,A
2025-01-26 20:00:00,126.93,B
2025-01-26 20:00:00,89.34,C
2025-01-26 20:00:00,113.4,D
2025-01-26 21:00:00,96.21,A
2025-01-26 21:00:00,116.21,B
2025-01-26 21:00:00,90.29,C
2025-01-26 21:00:00,97.76,D
2025-01-26 22:00:00,95.7,A
2025-01-26 22:00:00,112.06,B
2025-01-26 22:00:00,69.29,C
2025-01-26 22:00:00,111.33,D
2025-01-26 23:00:00,81.64,A
2025-01-26 23:00:00,104.9,B
2025-01-26 23:00:00,86.24,C
2025-01-26 23:00:00,100.18,D
2025-01-27 00:00:00,97.82,A
2025-01-27 00:00:00,112.57,B
2025-01-27 00:00:00,91.86,C
2025-01-27 00:00:00,103.91,D
2025-01-27 01:00:00,84.09,A
2025-01-27 01:00:00,103.42,B
2025-01-27 01:00:00,69.2,C
2025-01-27 01:00:00,91.32,D
2025-01-27 02:00:00,75.11,A
2025-01-27 02:00:00,94.4,B
2025-01-27 02:00:00,61.98,C
2025-01-27 02:00:00,82.78,D
2025-01-27 03:00:00,68.84,A
2025-01-27 03:00:00,93.06,B
2025-01-27 03:00:00,56.04,C
2025-01-27 03:00:00,65.81,D
2025-01-27 04:00:00,53.75,A
2025-01-27 04:00:00,76.4,B
2025-01-27 04:00:00,52.67,C
2025-01-27 04:00:00,67.14,D
2025-01-27 05:00:00,71.85,B
2025-01-27 05:00:00,43.18,C
2025-01-27 05:00:00,56.79,D
2025-01-27 06:00:00,39.91,A
2025-01-27 06:00:00,62.91,B
2025-01-27 06:00:00,54.98,C
2025-01-27 06:00:00,60.01,D
2025-01-27 07:00:00,54.4,A
2025-01-27 07:00:00,60.89,B
2025-01-27 07:00:00,61.3,C
2025-01-27 07:00:00,54.64,D
2025-01-27 08:00:00,48.32,A
2025-01-27 08:00:00,59.88,B
2025-01-27 08:00:00,39.0,C
2025-01-27 08:00:00,54.93,D
2025-01-27 09:00:00,60.12,A
2025-01-27 09:00:00,76.0,B
2025-01-27 09:00:00,50.9,C
2025-01-27 09:00:00,62.22,D
2025-01-27 10:00:00,58.93,A
2025-01-27 10:00:00,69.7,B
2025-01-27 10:00:00,83.99,D
2025-01-27 11:00:00,60.11,A
2025-01-27 11:00:00,76.22,B
2025-01-27 11:00:00,60.21,C
2025-01-27 11:00:00,65.08,D
2025-01-27 12:00:00,72.74,A
2025-01-27 12:00:00,86.16,B
2025-01-27 12:00:00,71.48,C
2025-01-27 12:00:00,75.25,D
2025-01-27 13:00:00,80.55,A
2025-01-27 13:00:00,100.73,B
2025-01-27 13:00:00,73.43,C
2025-01-27 13:00:00,96.2,D
2025-01-27 14:00:00,91.24,A
2025-01-27 14:00:00,106.11,B
2025-01-27 14:00:00,79.72,C
2025-01-27 14:00:00,92.28,D
2025-01-27 15:00:00,98.56,A
2025-01-27 15:00:00,118.14,B
2025-01-27 15:00:00,95.69,C
2025-01-27 15:00:00,102.97,D
2025-01-27 16:00:00,105.0,A
2025-01-27 16:00:00,121.56,B
2025-01-27 16:00:00,102.07,C
2025-01-27 16:00:00,117.47,D
2025-01-27 17:00:00,112.35,A
2025-01-27 17:00:00,140.34,B
2025-01-27 17:00:00,113.15,C
2025-01-27 17:00:00,118.84,D
2025-01-27 18:00:00,113.64,A
2025-01-27 18:00:00,138.62,B
2025-01-27 18:00:00,110.15,C
2025-01-27 18:00:00,135.07,D
2025-01-27 19:00:00,116.17,A
2025-01-27 19:00:00,130.69,B
2025-01-27 19:00:00,116.4,C
2025-01-27 19:00:00,132.95,D
2025-01-27 20:00:00,114.69,A
2025-01-27 20:00:00,136.61,B
2025-01-27 20:00:00,108.67,C
2025-01-27 20:00:00,124.26,D
2025-01-27 21:00:00,113.13,A
2025-01-27 21:00:00,126.25,B
2025-01-27 21:00:00,113.33,C
2025-01-27 22:00:00,103.53,A
2025-01-27 22:00:00,125.24,B
2025-01-27 22:00:00,102.28,C
2025-01-27 22:00:00,109.53,D
2025-01-27 23:00:00,90.2,A
2025-01-27 23:00:00,91.73,C
2025-01-27 23:00:00,109.19,D
2025-01-28 00:00:00,101.49,A
2025-01-28 00:00:00,106.84,B
2025-01-28 00:00:00,89.34,C
2025-01-28 00:00:00,97.43,D
2025-01-28 01:00:00,80.17,A
2025-01-28 01:00:00,93.83,B
2025-01-28 01:00:00,68.04,C
2025-01-28 01:00:00,93.35,D
2025-01-28 02:00:00,64.4,A
2025-01-28 02:00:00,82.43,B
2025-01-28 02:00:00,67.2,C
2025-01-28 02:00:00,75.16,D
2025-01-28 03:00:00,55.07,A
2025-01-28 03:00:00,78.42,B
2025-01-28 03:00:00,46.35,C
2025-01-28 03:00:00,86.15,D
2025-01-28 04:00:00,64.25,A
2025-01-28 04:00:00,69.1,B
2025-01-28 04:00:00,42.2,C
2025-01-28 04:00:00,64.1,D
2025-01-28 05:00:00,56.87,A
2025-01-28 05:00:00,73.31,B
2025-01-28 05:00:00,47.45,C
2025-01-28 05:00:00,57.67,D
2025-01-28 06:00:00,64.69,A
2025-01-28 06:00:00,65.93,B
2025-01-28 06:00:00,48.26,C
2025-01-28 06:00:00,60.81,D
2025-01-28 07:00:00,49.54,A
2025-01-28 07:00:00,64.7,B
2025-01-28 07:00:00,42.17,C
2025-01-28 07:00:00,53.15,D
2025-01-28 08:00:00,47.12,A
2025-01-28 08:00:00,63.03,B
2025-01-28 08:00:00,56.74,C
2025-01-28 08:00:00,48.07,D
2025-01-28 09:00:00,55.56,A
2025-01-28 09:00:00,62.67,B
2025-01-28 09:00:00,38.15,C
2025-01-28 09:00:00,50.43,D
2025-01-28 10:00:00,58.73,A
2025-01-28 10:00:00,67.12,B
2025-01-28 10:00:00,59.85,C
2025-01-28 10:00:00,65.69,D
2025-01-28 11:00:00,64.09,A
2025-01-28 11:00:00,74.38,B
2025-01-28 11:00:00,66.56,C
2025-01-28 11:00:00,79.76,D
2025-01-28 12:00:00,70.4,A
2025-01-28 12:00:00,94.88,B
2025-01-28 12:00:00,64.52,C
2025-01-28 12:00:00,88.71,D
2025-01-28 13:00:00,90.54,A
2025-01-28 13:00:00,101.01,B
2025-01-28 13:00:00,76.94,C
2025-01-28 13:00:00,93.56,D
2025-01-28 14:00:00,99.66,A
2025-01-28 14:00:00,110.4,B
2025-01-28 14:00:00,97.17,D
2025-01-28 15:00:00,102.93,A
2025-01-28 15:00:00,114.72,B
2025-01-28 15:00:00,93.86,C
2025-01-28 15:00:00,99.97,D
2025-01-28 16:00:00,98.83,A
2025-01-28 16:00:00,132.43,B
2025-01-28 16:00:00,108.42,C
2025-01-28 16:00:00,116.71,D
2025-01-28 17:00:00,114.68,A
2025-01-28 17:00:00,135.71,B
2025-01-28 17:00:00,103.1,C
2025-01-28 17:00:00,124.16,D
2025-01-28 18:00:00,119.89,A
2025-01-28 18:00:00,143.25,B
2025-01-28 18:00:00,114.7,C
2025-01-28 18:00:00,128.5,D
2025-01-28 19:00:00,110.22,A
2025-01-28 19:00:00,111.38,C
2025-01-28 19:00:00,116.08,D
2025-01-28 20:00:00,109.44,A
2025-01-28 20:00:00,128.06,B
2025-01-28 20:00:00,119.19,C
2025-01-28 20:00:00,123.01,D
2025-01-28 21:00:00,119.97,A
2025-01-28 21:00:00,124.97,B
2025-01-28 21:00:00,95.37,C
2025-01-28 21:00:00,119.14,D
2025-01-28 22:00:00,112.38,A
2025-01-28 22:00:00,129.56,B
2025-01-28 22:00:00,105.12,C
2025-01-28 22:00:00,111.84,D
2025-01-28 23:00:00,101.28,A
2025-01-28 23:00:00,106.59,B
2025-01-28 23:00:00,87.51,C
2025-01-28 23:00:00,103.19,D
2025-01-29 00:00:00,91.4,A
2025-01-29 00:00:00,99.29,B
2025-01-29 00:00:00,96.74,C
2025-01-29 00:00:00,98.31,D
2025-01-29 01:00:00,86.73,A
2025-01-29 01:00:00,99.81,B
2025-01-29 01:00:00,81.57,C
2025-01-29 01:00:00,96.85,D
2025-01-29 02:00:00,79.8,A
2025-01-29 02:00:00,73.44,B
2025-01-29 02:00:00,66.26,C
2025-01-29 02:00:00,94.71,D
2025-01-29 03:00:00,65.38,A
2025-01-29 03:00:00,76.89,B
2025-01-29 03:00:00,57.11,C
2025-01-29 03:00:00,71.84,D
2025-01-29 04:00:00,52.49,A
2025-01-29 04:00:00,66.62,B
2025-01-29 04:00:00,59.31,C
2025-01-29 04:00:00,65.58,D
2025-01-29 05:00:00,46.86,A
2025-01-29 05:00:00,64.85,B
2025-01-29 05:00:00,32.82,C
2025-01-29 05:00:00,61.01,D
2025-01-29 06:00:00,50.13,A
2025-01-29 06:00:00,71.61,B
2025-01-29 06:00:00,50.16,C
2025-01-29 06:00:00,73.3,D
2025-01-29 07:00:00,60.02,A
2025-01-29 07:00:00,56.06,B
2025-01-29 07:00:00,47.04,C
2025-01-29 07:00:00,40.45,D
2025-01-29 08:00:00,46.09,A
2025-01-29 08:00:00,73.25,B
2025-01-29 08:00:00,48.2,C
2025-01-29 08:00:00,53.4,D
2025-01-29 09:00:00,48.82,A
2025-01-29 09:00:00,65.85,B
2025-01-29 09:00:00,47.49,C
2025-01-29 09:00:00,57.77,D
2025-01-29 10:00:00,68.44,A
2025-01-29 10:00:00,76.38,B
2025-01-29 10:00:00,59.73,C
2025-01-29 10:00:00,60.72,D
2025-01-29 11:00:00,65.45,A
2025-01-29 11:00:00,81.21,B
2025-01-29 11:00:00,62.62,C
2025-01-29 11:00:00,79.63,D
2025-01-29 12:00:00,65.17,A
2025-01-29 12:00:00,94.64,B
2025-01-29 12:00:00,68.91,C
2025-01-29 12:00:00,83.29,D
2025-01-29 13:00:00,66.94,A
2025-01-29 13:00:00,96.61,B
2025-01-29 13:00:00,69.54,C
2025-01-29 13:00:00,102.48,D
2025-01-29 14:00:00,98.99,A
2025-01-29 14:00:00,107.1,B
2025-01-29 14:00:00,74.32,C
2025-01-29 14:00:00,101.95,D
2025-01-29 15:00:00,91.05,A
2025-01-29 15:00:00,118.0,B
2025-01-29 15:00:00,98.46,C
2025-01-29 15:00:00,113.39,D
2025-01-29 16:00:00,102.42,A
2025-01-29 16:00:00,124.35,B
2025-01-29 16:00:00,104.98,C
2025-01-29 16:00:00,123.35,D
2025-01-29 17:00:00,125.29,B
2025-01-29 17:00:00,119.82,D
2025-01-29 18:00:00,110.18,A
2025-01-29 18:00:00,133.4,B
2025-01-29 18:00:00,117.28,C
2025-01-29 18:00:00,127.96,D
2025-01-29 19:00:00,118.51,A
2025-01-29 19:00:00,137.3,B
2025-01-29 19:00:00,103.99,C
2025-01-29 19:00:00,130.3,D
2025-01-29 20:00:00,114.66,A
2025-01-29 20:00:00,140.78,B
2025-01-29 20:00:00,113.37,C
2025-01-29 20:00:00,108.03,D
2025-01-29 21:00:00,120.36,A
2025-01-29 21:00:00,125.29,B
2025-01-29 21:00:00,105.57,C
2025-01-29 21:00:00,120.79,D
2025-01-29 22:00:00,110.98,A
2025-01-29 22:00:00,127.4,B
2025-01-29 22:00:00,106.21,C
2025-01-29 22:00:00,116.74,D
2025-01-29 23:00:00,94.82,A
2025-01-29 23:00:00,117.82,B
2025-01-29 23:00:00,93.38,C
2025-01-29 23:00:00,105.88,D
2025-01-30 00:00:00,83.35,A
2025-01-30 00:00:00,104.92,B
2025-01-30 00:00:00,99.41,C
2025-01-30 00:00:00,104.07,D
2025-01-30 01:00:00,79.51,A
2025-01-30 01:00:00,99.94,B
2025-01-30 01:00:00,67.93,C
2025-01-30 01:00:00,93.35,D
2025-01-30 02:00:00,73.84,A
2025-01-30 02:00:00,86.65,B
2025-01-30 02:00:00,75.05,C
2025-01-30 02:00:00,80.1,D
2025-01-30 03:00:00,63.42,A
2025-01-30 03:00:00,79.5,B
2025-01-30 03:00:00,63.37,C
2025-01-30 03:00:00,71.68,D
2025-01-30 04:00:00,55.28,A
2025-01-30 04:00:00,70.24,B
2025-01-30 04:00:00,46.75,C
2025-01-30 04:00:00,60.89,D
2025-01-30 05:00:00,62.78,A
2025-01-30 05:00:00,77.86,B
2025-01-30 05:00:00,41.7,C
2025-01-30 05:00:00,57.88,D
2025-01-30 06:00:00,35.13,A
2025-01-30 06:00:00,61.94,B
2025-01-30 06:00:00,41.57,C
2025-01-30 06:00:00,56.94,D
2025-01-30 07:00:00,47.94,A
2025-01-30 07:00:00,57.71,B
2025-01-30 07:00:00,40.23,C
2025-01-30 07:00:00,64.47,D
2025-01-30 08:00:00,47.95,A
2025-01-30 08:00:00,68.72,B
2025-01-30 08:00:00,33.52,C
2025-01-30 08:00:00,49.07,D
2025-01-30 09:00:00,50.71,A
2025-01-30 09:00:00,64.9,B
2025-01-30 09:00:00,56.38,D
2025-01-30 10:00:00,68.05,B
2025-01-30 10:00:00,44.55,C
2025-01-30 10:00:00,74.61,D
2025-01-30 11:00:00,61.26,A
2025-01-30 11:00:00,81.12,B
2025-01-30 11:00:00,52.03,C
2025-01-30 11:00:00,74.28,D
2025-01-30 12:00:00,73.99,A
2025-01-30 12:00:00,84.55,B
2025-01-30 12:00:00,72.85,C
2025-01-30 12:00:00,73.86,D
2025-01-30 13:00:00,84.78,A
2025-01-30 13:00:00,99.48,B
2025-01-30 13:00:00,72.14,C
2025-01-30 13:00:00,90.51,D
2025-01-30 14:00:00,87.93,A
2025-01-30 14:00:00,109.78,B
2025-01-30 14:00:00,80.15,C
2025-01-30 14:00:00,102.2,D
2025-01-30 15:00:00,96.32,A
2025-01-30 15:00:00,120.55,B
2025-01-30 15:00:00,90.49,C
2025-01-30 15:00:00,119.05,D
2025-01-30 16:00:00,103.66,A
2025-01-30 16:00:00,117.06,B
2025-01-30 16:00:00,103.66,C
2025-01-30 16:00:00,117.87,D
2025-01-30 17:00:00,119.22,A
2025-01-30 17:00:00,128.37,B
2025-01-30 17:00:00,97.78,C
2025-01-30 17:00:00,124.98,D
2025-01-30 18:00:00,117.96,A
2025-01-30 18:00:00,134.29,B
2025-01-30 18:00:00,106.08,C
2025-01-30 18:00:00,130.55,D
2025-01-30 19:00:00,120.39,A
2025-01-30 19:00:00,118.81,B
2025-01-30 19:00:00,106.66,C
2025-01-30 19:00:00,135.86,D
2025-01-30 20:00:00,112.61,A
2025-01-30 20:00:00,139.85,B
2025-01-30 20:00:00,114.84,C
2025-01-30 20:00:00,120.85,D
2025-01-30 21:00:00,111.27,A
2025-01-30 21:00:00,126.86,B
2025-01-30 21:00:00,110.93,C
2025-01-30 21:00:00,121.45,D
2025-01-30 22:00:00,113.29,A
2025-01-30 22:00:00,125.32,B
2025-01-30 22:00:00,107.43,C
2025-01-30 22:00:00,119.55,D
2025-01-30 23:00:00,102.33,A
2025-01-30 23:00:00,106.11,C
2025-01-30 23:00:00,114.79,D
2025-01-31 00:00:00,91.39,A
2025-01-31 00:00:00,103.98,B
2025-01-31 00:00:00,91.19,C
2025-01-31 00:00:00,96.69,D
2025-01-31 01:00:00,82.98,A
2025-01-31 01:00:00,90.83,B
2025-01-31 01:00:00,72.41,C
2025-01-31 01:00:00,101.32,D
2025-01-31 02:00:00,71.45,A
2025-01-31 02:00:00,91.19,B
2025-01-31 02:00:00,64.44,C
2025-01-31 02:00:00,75.43,D
2025-01-31 03:00:00,66.16,A
2025-01-31 03:00:00,84.44,B
2025-01-31 03:00:00,59.64,C
2025-01-31 03:00:00,77.59,D
2025-01-31 04:00:00,62.4,A
2025-01-31 04:00:00,76.48,B
2025-01-31 04:00:00,42.22,C
2025-01-31 04:00:00,62.89,D
2025-01-31 05:00:00,52.69,A
2025-01-31 05:00:00,66.99,B
2025-01-31 05:00:00,40.33,C
2025-01-31 05:00:00,58.06,D
2025-01-31 06:00:00,55.14,A
2025-01-31 06:00:00,65.36,B
2025-01-31 06:00:00,41.0,C
2025-01-31 06:00:00,58.98,D
2025-01-31 07:00:00,38.74,A
2025-01-31 07:00:00,63.45,B
2025-01-31 07:00:00,49.37,C
2025-01-31 07:00:00,62.44,D
2025-01-31 08:00:00,40.07,A
2025-01-31 08:00:00,61.46,B
2025-01-31 08:00:00,36.11,C
2025-01-31 08:00:00,61.71,D
2025-01-31 09:00:00,43.99,A
2025-01-31 09:00:00,64.57,B
2025-01-31 09:00:00,47.67,C
2025-01-31 09:00:00,60.26,D
2025-01-31 10:00:00,58.88,A
2025-01-31 10:00:00,72.37,B
2025-01-31 10:00:00,45.02,C
2025-01-31 10:00:00,68.02,D
2025-01-31 11:00:00,68.9,A
2025-01-31 11:00:00,79.87,B
2025-01-31 11:00:00,61.21,C
2025-01-31 11:00:00,73.4,D
2025-01-31 12:00:00,87.29,A
2025-01-31 12:00:00,88.76,B
2025-01-31 12:00:00,71.33,C
2025-01-31 12:00:00,80.09,D
2025-01-31 13:00:00,74.24,A
2025-01-31 13:00:00,106.47,B
2025-01-31 13:00:00,73.83,C
2025-01-31 13:00:00,90.97,D
2025-01-31 14:00:00,80.52,A
2025-01-31 14:00:00,108.2,B
2025-01-31 14:00:00,77.19,C
2025-01-31 14:00:00,91.7,D
2025-01-31 15:00:00,105.71,A
2025-01-31 15:00:00,110.11,B
2025-01-31 15:00:00,91.62,C
2025-01-31 15:00:00,103.96,D
2025-01-31 16:00:00,110.32,A
2025-01-31 16:00:00,121.33,B
2025-01-31 16:00:00,102.47,C
2025-01-31 16:00:00,124.79,D
2025-01-31 17:00:00,110.82,A
2025-01-31 17:00:00,124.81,B
2025-01-31 17:00:00,99.75,C
2025-01-31 17:00:00,127.36,D
2025-01-31 18:00:00,120.19,A
2025-01-31 18:00:00,131.22,B
2025-01-31 18:00:00,126.52,C
2025-01-31 18:00:00,123.87,D
2025-01-31 19:00:00,115.73,A
2025-01-31 19:00:00,125.1,B
2025-01-31 19:00:00,119.91,C
2025-01-31 19:00:00,124.37,D
2025-01-31 20:00:00,117.14,A
2025-01-31 20:00:00,137.64,B
2025-01-31 20:00:00,106.28,C
2025-01-31 20:00:00,134.91,D
2025-01-31 21:00:00,118.62,A
2025-01-31 21:00:00,128.41,B
2025-01-31 21:00:00,108.43,C
2025-01-31 21:00:00,123.93,D
2025-01-31 22:00:00,117.03,A
2025-01-31 22:00:00,134.24,B
2025-01-31 22:00:00,107.38,C
2025-01-31 22:00:00,126.39,D
2025-01-31 23:00:00,100.33,A
2025-01-31 23:00:00,127.53,B
2025-01-31 23:00:00,92.78,C
2025-01-31 23:00:00,107.16,D
